word,zipf_frequency
abdom,0.0000
abend,2.0500
abets,1.6200
abhor,2.6400
abide,3.5900
abies,2.2300
abyes,0.0000
abilo,0.0000
abime,0.0000
abysm,0.0000
abled,2.2900
abler,1.2900
ables,1.7300
ablet,0.0000
ablow,1.5600
abmho,0.0000
abner,2.8400
abnet,0.0000
abode,3.1300
abody,0.0000
abohm,0.0000
aboil,0.0000
abord,1.5000
abort,3.2700
abote,0.0000
about,6.4000
above,5.2000
abret,0.0000
abrim,0.0000
abrin,1.1200
abris,0.0000
abrus,0.0000
absey,0.0000
absit,0.0000
abstr,0.0000
abune,1.1800
abuse,4.6600
abush,0.0000
abuts,2.2700
acedy,0.0000
acerb,0.0000
ached,2.4100
achen,1.2300
acher,1.6200
aches,3.2800
achor,1.5300
acidy,0.0000
acids,3.8500
acier,1.3500
acies,0.0000
acyls,0.0000
acing,2.0200
ackey,0.0000
acker,2.4800
aclys,0.0000
acmes,0.0000
acned,0.0000
acnes,1.6600
acoin,0.0000
acold,0.0000
acone,0.0000
acorn,3.0800
acost,0.0000
acoup,0.0000
acred,0.0000
acres,4.1700
acrid,2.3700
acryl,1.2400
acron,1.3100
acrux,1.0600
acted,4.2800
actin,3.1400
acton,2.9700
actor,4.6500
actos,1.9400
actus,1.9700
acute,4.0000
adcon,0.0000
adeps,0.0000
adept,3.3300
adfix,0.0000
adiel,1.1900
adieu,2.8300
adion,0.0000
adios,2.6800
adits,1.4000
adlet,0.0000
admen,1.1100
admin,3.9200
admit,4.5800
admix,0.0000
admov,0.0000
admrx,0.0000
adnex,0.0000
adobe,3.5300
adolf,3.3700
adopt,4.1900
adore,3.7000
adorn,3.0100
adown,1.5900
adoxy,0.0000
adoze,0.0000
adret,0.0000
adrip,0.0000
adrop,0.0000
adrue,0.0000
adsum,0.0000
adult,4.8000
adunc,0.0000
adure,0.0000
adusk,0.0000
adust,0.0000
adzer,0.0000
adzes,1.4600
aegir,1.5600
aegis,3.0600
aeons,2.2400
aequi,0.0000
aeric,0.0000
aeron,2.0700
aesir,1.7700
aesop,2.5300
aevum,0.0000
afgod,0.0000
afire,2.4600
afley,0.0000
aflow,0.0000
afore,2.4200
afoul,2.6300
afret,0.0000
afric,1.7700
afrit,0.0000
afros,1.7900
after,6.1100
agend,0.0000
agent,4.8100
agers,2.2100
agiel,0.0000
agile,3.4100
agios,1.9900
agism,0.0000
agist,0.0000
agley,0.0000
aglet,1.3200
aglow,2.2100
agnel,1.2800
agnes,3.5700
agnus,2.0100
agone,1.5600
agony,3.6000
agons,0.0000
agric,2.1200
agrin,1.1400
agrom,0.0000
agron,2.3500
aguey,0.0000
agues,0.0000
agush,0.0000
agust,1.5900
ahems,0.0000
ahind,0.0000
ahint,0.0000
ahmed,3.8300
ahmet,2.8500
ahold,2.8600
aholt,0.0000
ahong,0.0000
ahunt,0.0000
aider,1.9400
aides,3.4100
ayelp,0.0000
ayens,0.0000
aiery,0.0000
aiger,0.0000
aigre,0.0000
ayins,0.0000
ailed,1.6400
aylet,0.0000
aimed,4.2500
aimer,2.0600
ainus,0.0000
ayond,0.0000
ayont,0.0000
ayous,0.0000
aired,3.8500
airns,0.0000
airth,1.3600
airts,0.0000
aisle,3.7200
aitch,1.6400
aiver,0.0000
aizle,0.0000
akebi,0.0000
aking,1.9500
aknow,0.0000
akron,3.3500
akule,0.0000
akund,0.0000
albin,2.3900
albyn,1.3700
album,5.0200
albus,2.6100
alces,1.4500
alcid,0.0000
alcor,1.5000
alden,3.1700
alder,2.9700
aldim,0.0000
aldus,2.1300
aleck,2.1700
alecs,1.1500
alefs,0.0000
aleft,0.0000
alenu,0.0000
aleph,2.3900
alert,4.3300
aleut,1.9600
alfet,0.0000
alfin,1.1100
alfur,0.0000
algic,1.0200
algid,0.0000
algin,0.0000
algor,1.1200
algum,0.0000
alhet,0.0000
alice,4.2600
alick,1.8700
alids,0.0000
alien,4.2900
aliet,0.0000
alife,1.5900
alifs,0.0000
align,3.6300
alike,4.1300
aline,2.5800
alish,0.0000
aliso,2.0200
alisp,0.0000
alist,1.5200
alite,1.3200
ality,1.2600
alive,4.7600
alkes,0.0000
alkyd,1.7700
alkin,0.0000
almeh,0.0000
almes,0.0000
almon,1.8100
almud,0.0000
almug,0.0000
alnus,1.8100
alody,0.0000
aloed,0.0000
aloes,1.9000
aloft,3.0800
alogy,0.0000
aloid,0.0000
aloin,0.0000
alois,2.2600
alone,5.1600
along,5.3800
alose,0.0000
aloud,3.5100
alout,0.0000
alowe,0.0000
alpen,1.6900
alpid,0.0000
alter,4.0500
altho,2.6500
altin,1.3000
altos,2.5400
altun,1.1900
altus,2.1400
aluco,0.0000
alums,2.4200
alure,0.0000
alvin,3.4000
alvus,0.0000
amber,3.9700
ambit,2.4500
amble,2.3000
ambon,1.8600
ambos,1.9000
ambry,1.1300
amelu,0.0000
amend,3.5500
amens,1.3300
ament,1.7900
amice,1.5000
amide,2.4400
amido,1.7700
amids,0.0000
amies,1.7500
amigo,2.8600
amylo,0.0000
amyls,0.0000
amine,2.7900
amino,3.7200
amins,0.0000
amire,0.0000
amirs,1.5800
amish,3.2700
amity,2.8900
amlet,0.0000
amnic,0.0000
amoke,0.0000
amoks,0.0000
amole,1.1900
among,5.3100
amort,0.0000
amour,3.0300
amove,0.0000
amowt,0.0000
amper,1.3400
amphi,1.5300
ampyx,0.0000
ample,3.7100
amply,2.6100
ampul,0.0000
amrit,2.1700
amsel,1.3300
amuck,2.0500
amuse,3.1200
amuze,0.0000
amvis,0.0000
amzel,0.0000
ancle,0.0000
ancor,1.2900
ancre,1.4700
andes,3.1400
andor,2.3600
andre,3.8500
angel,4.4500
anger,4.4200
angie,3.3500
angle,4.3800
anglo,3.8100
angor,1.2600
angry,4.6600
angst,3.2600
angus,3.6300
anhyd,0.0000
anice,1.4700
anigh,0.0000
anile,1.0900
anils,0.0000
anime,4.2600
animo,2.1200
anise,2.6500
anjou,2.5700
anker,2.5400
ankhs,0.0000
ankle,3.9700
ankou,0.0000
ankus,0.0000
anlet,0.0000
anode,2.8600
anoil,0.0000
anole,1.5500
anoli,0.0000
anomy,0.0000
anour,0.0000
anous,0.0000
ansel,2.8100
anser,1.7800
anted,1.5300
antes,2.1500
antic,2.3300
antiq,1.3500
antis,2.2700
antre,0.0000
antsy,2.5200
antum,0.0000
anury,0.0000
anvil,3.0400
aoife,2.1500
aotes,0.0000
aotus,1.0100
apery,0.0000
apers,0.0000
apert,1.2600
aperu,0.0000
aphid,2.3900
aphis,2.2100
aping,2.0900
apiol,0.0000
apios,0.0000
apish,1.1300
apism,0.0000
apium,1.3100
apods,0.0000
aport,1.1600
apout,0.0000
apres,2.0700
april,5.1900
apron,3.3600
apsid,0.0000
apter,1.7900
aptly,3.1200
arced,1.9100
arces,0.0000
archd,0.0000
arche,2.0200
archy,2.1600
archt,0.0000
arcos,2.0700
arcus,1.8700
ardeb,0.0000
arefy,0.0000
areic,0.0000
arend,1.8200
areng,0.0000
arent,3.5200
arest,1.1000
argel,1.2200
argid,0.0000
argil,0.0000
argin,0.0000
argle,0.0000
argol,1.0100
argon,2.8600
argos,3.0400
argot,1.9400
argue,4.4600
argus,3.0500
ariel,3.5400
aries,3.1300
arils,1.2300
aryls,0.0000
arion,2.1400
ariot,0.0000
arise,3.9300
arish,2.0400
arist,1.4100
arite,0.0000
arith,0.0000
arius,2.2100
arjun,3.0300
arkie,1.2300
arles,2.4600
armed,4.5900
armet,0.0000
armil,0.0000
armit,1.1900
arneb,0.0000
arnut,0.0000
arock,0.0000
aroid,1.2100
aroph,0.0000
arose,3.7300
arpen,0.0000
arsyl,0.0000
arsle,0.0000
arson,3.4000
artel,1.4000
artic,2.4200
artie,3.1400
artly,0.0000
artou,0.0000
artsy,2.8900
artus,1.6900
aruke,0.0000
arulo,0.0000
arums,0.0000
arvel,1.0300
arvos,0.0000
arzun,0.0000
ascon,1.0700
ascot,3.0600
ascry,0.0000
asdic,1.2600
asgmt,0.0000
ashed,1.4800
ashen,2.4800
asher,3.1800
ashet,0.0000
ashir,0.0000
ashot,1.2600
ashur,2.1400
aside,4.5900
asyle,0.0000
async,2.2500
asked,5.3000
asker,2.0800
askew,2.7200
askip,0.0000
askoi,0.0000
aslop,0.0000
aspen,3.4300
asper,1.8800
aspic,2.0900
astel,0.0000
aster,2.8100
astir,1.6000
astor,2.9400
astre,1.0100
astur,0.0000
asuri,0.0000
aswim,0.0000
ately,0.0000
atelo,0.0000
athel,1.1200
atimy,0.0000
ating,1.8800
atmid,0.0000
atmos,2.6400
atoke,0.0000
atole,1.1300
atomy,1.1000
atoms,3.7500
atone,2.8600
atony,1.0600
atopy,1.5700
atour,0.0000
atren,0.0000
atrip,0.0000
atule,0.0000
atune,0.0000
atwin,0.0000
aubin,2.1700
aucht,0.0000
audio,4.4700
audit,4.0400
aueto,0.0000
augen,1.8400
auger,2.7700
auget,0.0000
aught,2.4300
aulic,1.1500
auloi,0.0000
aulos,1.0800
aumil,0.0000
aunty,3.1600
aunts,3.2100
aurei,0.0000
aures,1.3400
auric,2.0700
auryl,0.0000
aurin,1.1900
auris,1.8200
autem,1.6500
autor,2.0700
autos,3.1200
autre,2.3300
auxil,0.0000
auxin,2.1800
aveny,0.0000
avens,1.3200
avery,3.6000
avern,0.0000
avers,1.8700
avert,3.1400
avick,0.0000
aview,0.0000
avile,0.0000
avine,0.0000
avion,1.9300
aviso,1.4700
avoid,4.8700
avoir,2.0700
avoke,0.0000
avoue,0.0000
avour,0.0000
avowe,0.0000
avows,1.1800
awber,0.0000
awest,0.0000
aweto,0.0000
awful,4.4600
awhet,0.0000
awhir,0.0000
awide,0.0000
awing,1.3700
awink,0.0000
awkly,0.0000
awned,0.0000
awner,0.0000
awoke,3.1500
awols,0.0000
awork,0.0000
axels,1.6700
axers,0.0000
axile,0.0000
axils,2.0800
axine,0.0000
axing,2.2000
axiom,3.0200
axion,1.9300
axite,0.0000
axled,0.0000
axles,2.9800
axmen,0.0000
axoid,0.0000
axone,0.0000
axons,2.5900
azide,2.0600
azido,1.2400
azyme,0.0000
azine,0.0000
azlon,0.0000
azoch,0.0000
azofy,0.0000
azoic,1.0700
azole,1.3600
azons,0.0000
azote,1.1900
azoth,1.2900
azoxy,0.0000
aztec,3.1000
azure,3.3500
azury,0.0000
bache,2.2800
bacin,0.0000
bacis,0.0000
backy,1.3400
backs,4.1000
bacon,4.1500
badge,4.0200
badju,0.0000
badly,4.4400
badon,1.5600
bagdi,0.0000
bagel,3.1800
bagie,0.0000
bagio,0.0000
bagle,0.0000
bagne,0.0000
bagre,0.0000
bahoe,0.0000
bahts,1.1700
bahur,0.0000
bahut,1.5600
bayed,1.6000
baign,0.0000
baile,2.1800
bailo,1.4800
bails,2.5600
baioc,0.0000
bayok,0.0000
bayou,3.1400
bairn,2.0400
baith,1.3400
baits,2.6500
baize,1.8300
bajri,0.0000
baked,3.9200
baken,1.1200
baker,4.2300
bakes,2.7300
bakie,0.0000
bakli,0.0000
baldy,2.5800
balds,1.3100
baled,1.7900
balei,0.0000
baler,2.2600
bales,2.9700
balky,1.5700
balks,2.0900
balmy,2.7000
balms,2.2400
balon,2.1100
balor,2.3800
balow,0.0000
balti,2.1000
balun,1.5900
balut,1.8200
banco,3.0300
bande,2.2400
bandh,2.0100
bandi,1.8700
bandy,2.5500
bando,2.2100
bands,4.3700
baned,0.0000
banes,2.1200
bange,1.3200
bangy,0.0000
bangs,3.4500
banig,0.0000
banjo,3.2700
banky,2.0100
banks,4.6900
banty,1.2700
bantu,3.0300
banus,1.4000
barde,1.4400
bardy,1.3000
bardo,2.3200
bards,2.7000
bared,2.6400
bares,2.5000
baret,1.4700
barfy,1.0900
barfs,1.5800
barge,3.5000
bargh,1.6500
baric,1.3300
barid,0.0000
barie,0.0000
barye,1.2200
barih,0.0000
baris,2.0000
barit,0.0000
barky,1.5900
barks,3.0100
barly,1.3100
barmy,2.3200
barms,0.0000
barny,1.6900
barns,3.1400
baroi,0.0000
baron,3.8800
barse,1.2700
barth,2.8700
based,5.5100
baser,2.1400
basic,4.8900
basil,3.6500
basyl,0.0000
basin,4.0800
baske,0.0000
bason,1.6200
baste,2.3900
basti,2.2900
basto,1.4000
batch,3.9100
bated,2.3300
batel,0.0000
bater,1.4400
bates,3.6400
bathe,3.2200
baths,3.6700
batik,2.5400
batis,1.5400
baton,3.6400
bauch,1.4400
bauds,0.0000
bauge,0.0000
bauld,1.1900
baulk,2.1000
baume,2.0800
bauno,0.0000
baure,0.0000
bavin,1.1700
bawdy,2.5600
bawds,1.1300
bawke,0.0000
bawly,0.0000
bawls,1.6400
bawty,0.0000
beach,4.9200
beady,2.4800
beads,3.6900
beaky,1.7900
beaks,2.7400
beamy,1.2200
beams,3.7600
beany,1.7600
beano,2.3100
beans,4.1400
beant,1.0100
beard,4.0700
bearm,0.0000
bears,4.3400
beast,4.2900
beath,1.6500
beati,1.6000
beats,4.2200
beaus,1.7300
beaut,2.5600
beaux,2.7300
becap,0.0000
becky,3.6300
becks,2.4600
becry,0.0000
becut,0.0000
beday,0.0000
bedim,0.0000
bedin,0.0000
bedip,0.0000
bedog,0.0000
bedot,0.0000
bedur,0.0000
befan,0.0000
befit,2.0700
befog,0.0000
befop,0.0000
befur,0.0000
begad,0.0000
begay,1.6800
began,5.0700
begar,0.0000
begat,2.4100
begin,4.8400
begod,0.0000
begot,1.9700
begum,2.5600
begun,4.3600
begut,0.0000
behap,0.0000
behav,1.8000
beigy,0.0000
beild,0.0000
being,5.9500
beira,2.2200
beisa,0.0000
bejan,1.5600
bejig,0.0000
bekah,1.8800
belah,1.0300
belay,2.4300
belam,0.0000
belap,0.0000
belar,1.1400
belat,0.0000
belch,2.2700
belga,1.2900
belis,0.0000
below,5.0500
belts,3.7400
bemad,0.0000
beman,1.4900
bemar,0.0000
bemas,0.0000
bemat,0.0000
bemix,0.0000
bemol,0.0000
bemud,0.0000
bench,4.3900
benda,2.1600
bendy,2.5500
bends,3.3400
benic,0.0000
benim,1.1900
benjy,2.4400
bensh,0.0000
benty,0.0000
bents,1.7100
benzo,2.3700
bepat,0.0000
bepaw,0.0000
bepun,0.0000
beray,0.0000
berat,1.9200
bergh,2.1400
bergy,1.6900
bergs,1.8500
beryl,2.9100
beryx,0.0000
berms,2.0300
berth,3.4400
berun,0.0000
besan,1.4400
besin,0.0000
besit,0.0000
besom,1.5000
besot,0.0000
bespy,0.0000
besra,0.0000
betag,0.0000
betas,2.4800
beths,1.2700
betis,2.5300
beton,1.8100
betsy,3.4200
betso,0.0000
bevil,1.4900
bevor,1.2100
bewig,0.0000
bewit,0.0000
bewry,0.0000
bezan,0.0000
bezil,0.0000
bhalu,0.0000
bhang,1.7700
bhima,2.0000
bhuts,0.0000
bialy,1.4000
byard,1.9600
bicep,2.7200
bices,0.0000
bichy,0.0000
bidar,1.6300
bider,0.0000
bides,1.6500
bidet,2.5800
bidry,0.0000
bield,1.1100
biens,1.2900
biers,1.4100
bifer,0.0000
bigae,0.0000
bigam,0.0000
bigas,1.0700
bigha,1.3200
bight,2.6700
bigly,2.3700
bigot,3.1800
biham,0.0000
bijou,2.4900
biked,2.3100
biker,3.3700
bikes,3.8900
bikol,0.0000
bylaw,2.6000
bilch,0.0000
biles,2.3200
bilge,2.6700
bilgy,0.0000
bilks,0.0000
bilos,0.0000
bilsh,0.0000
bimah,1.1200
bimas,0.0000
binal,0.0000
binds,3.3800
bines,1.6900
binge,3.6000
bingy,0.0000
bingo,3.7100
bints,0.0000
biome,2.7300
biont,0.0000
biose,0.0000
biota,2.4900
byous,0.0000
biped,2.0100
bipod,2.0700
birch,3.5000
birde,0.0000
birdy,2.6000
birds,4.6000
byres,1.8100
birky,0.0000
birks,2.2700
birle,0.0000
birls,0.0000
byrls,0.0000
birma,0.0000
birne,0.0000
birny,0.0000
biron,2.0600
byron,3.6800
birse,1.1600
birsy,0.0000
birth,4.7700
bysen,0.0000
biset,0.0000
bisme,0.0000
bison,3.2600
bitch,4.7600
bited,0.0000
biter,2.6000
bites,3.7900
bytes,3.2600
bitsy,2.2800
biune,0.0000
bizel,0.0000
bizen,1.4600
bizes,0.0000
bizet,1.9800
black,5.4600
blade,4.1900
blady,1.1400
blahs,1.6500
blayk,0.0000
blain,2.3100
blair,4.0000
blake,4.1600
blame,4.6300
blams,0.0000
blanc,3.4200
bland,3.5000
blank,4.1400
blare,2.3900
blart,2.1200
blase,2.1600
blash,1.2300
blast,4.3200
blate,0.0000
blats,0.0000
blawn,0.0000
blaws,0.0000
blaze,3.6900
blazy,1.0300
bleak,3.4300
blear,0.0000
bleat,2.1200
bleck,1.5700
blend,3.9500
blenk,0.0000
blens,0.0000
blent,1.2800
blest,2.1600
blets,0.0000
blick,2.2300
blier,1.2700
blimy,0.0000
blimp,2.7800
blind,4.5200
bliny,0.0000
blink,3.7300
blype,0.0000
blips,2.3800
blirt,0.0000
blist,0.0000
blite,0.0000
blitz,3.5700
bloat,2.6000
block,4.8800
blocs,2.6800
bloke,3.5500
blond,3.5500
blore,1.9700
blote,0.0000
blots,2.3000
blout,0.0000
blowy,1.6500
blown,4.2100
blows,4.0400
blued,2.1500
bluey,2.2100
bluer,2.2200
blues,4.3400
bluet,1.2200
blume,2.5300
blunk,0.0000
blunt,3.9000
blurs,2.6200
blurt,2.4800
blush,3.5600
board,5.2400
boars,2.7400
boart,1.2500
boast,3.5100
boats,4.2500
bocal,0.0000
boche,1.8500
bocks,1.4800
boden,2.6000
boder,1.1400
bodes,2.5800
bodge,1.6000
bodhi,2.6100
bodle,1.2300
boers,2.6000
bogan,2.5500
bogey,2.9200
boget,0.0000
bogie,2.4600
bogle,2.2900
bogue,2.2100
bogum,0.0000
bogus,3.4300
bohea,0.0000
boyar,1.9100
boyau,0.0000
boyce,3.0800
boyer,2.9500
boyla,0.0000
boily,0.0000
boils,3.2900
boing,2.7400
boise,3.3600
boist,0.0000
boite,1.8300
bolag,0.0000
bolar,1.5700
bolas,2.1100
boldu,0.0000
boled,0.0000
boles,2.4700
bolis,1.2600
bolti,0.0000
bolty,0.0000
bolts,3.6200
bolus,2.6000
bonav,0.0000
bonce,1.5600
bonds,4.2700
boned,2.8800
boney,2.5000
boner,3.2100
bones,4.3200
bongs,2.4800
bonks,1.6900
bonum,1.7700
bonus,4.4500
bonze,1.2800
borak,1.4800
boral,1.7300
boran,1.6500
boras,2.2400
borax,2.4800
bored,4.2000
borel,2.2800
bores,2.8400
borgh,0.0000
boric,2.3100
borid,0.0000
boryl,0.0000
boris,3.8700
borne,3.6700
borty,0.0000
borts,1.0600
bortz,1.5200
bosch,3.3000
bosey,0.0000
boser,1.2200
bosky,1.3800
bosun,1.8900
botan,1.8200
botas,1.5600
botch,2.4000
botel,0.0000
bothy,2.0600
botry,0.0000
bouch,1.2900
boucl,0.0000
bouet,0.0000
bouge,1.3000
bough,2.7300
boule,2.1200
boult,2.2900
bound,4.4600
bourd,0.0000
bourg,2.2600
bourn,2.1600
bouse,1.4600
bousy,0.0000
bouts,3.2100
bovey,1.8600
bovid,1.1900
bovld,0.0000
bowed,3.3300
bowel,3.5500
bower,3.0000
bowet,0.0000
bowge,0.0000
bowie,3.5400
bowla,0.0000
bowle,1.2000
bowly,0.0000
bowls,3.7500
bowne,1.9200
bowse,0.0000
boxed,3.3400
boxen,1.4200
boxer,3.7400
boxes,4.3400
boxty,1.0900
bozal,0.0000
brace,3.7200
brach,2.0500
brack,2.3300
bract,1.8300
brads,1.9900
braes,2.0100
bragi,1.5300
brags,2.6600
brahm,1.9900
braid,3.2400
braye,1.2700
brail,1.4400
brain,4.9400
brays,1.7900
brake,3.9500
braky,0.0000
brame,1.5400
brand,4.8300
brank,1.0500
brans,1.5900
brant,2.9000
brash,2.9500
brast,0.0000
brats,2.9100
brave,4.3300
bravi,1.4700
bravo,3.7700
brawl,3.5300
brawn,2.7600
braws,0.0000
braxy,0.0000
braze,1.8400
bread,4.5000
break,5.1800
bream,2.6900
breck,2.4600
bredi,0.0000
brens,1.1600
brent,3.6900
brest,2.7200
breth,1.0800
breva,0.0000
brevi,1.1700
brews,2.9900
brian,4.4700
bryan,3.9800
bryce,3.5300
brick,4.2500
bride,4.0800
brief,4.5200
bries,0.0000
brigs,1.9500
brike,0.0000
brims,2.1600
brine,3.0700
bring,5.2700
briny,2.2000
brink,3.5100
brins,0.0000
bryon,2.1800
brios,0.0000
brisa,1.5600
brise,1.6000
brisk,3.2000
brist,1.0800
brite,2.4000
brith,1.8200
brits,3.5400
bryum,1.0900
briza,1.0100
broad,4.5300
broch,2.0200
brock,3.7100
brogh,0.0000
broid,0.0000
broil,2.4400
broke,4.8500
broma,1.1200
brome,2.1300
bronc,2.0400
bronk,1.7200
bronx,3.6500
brose,1.7800
brosy,0.0000
broth,3.3900
browd,0.0000
brown,5.0100
brows,3.3400
bruce,4.3400
bruet,0.0000
brugh,1.4100
bruin,2.5200
bruit,1.7400
bruja,1.8200
brujo,1.7800
bruke,0.0000
brule,2.2100
brume,1.5300
brune,2.1200
bruno,3.8100
brunt,3.1200
brush,4.2300
brusk,0.0000
bruta,1.4200
brute,3.4200
btise,0.0000
buaze,0.0000
bucky,3.1200
bucko,2.1700
bucks,4.1900
budge,3.2300
budgy,0.0000
bueno,2.9300
bugan,0.0000
bught,0.0000
bugle,2.9200
bugre,0.0000
buhls,0.0000
buhrs,0.0000
buick,3.1700
buyer,4.0300
build,5.0400
built,5.0700
buist,1.6100
bukat,0.0000
bulak,1.0600
bulge,3.2400
bulgy,1.5600
bulky,3.3000
bulks,1.9900
bulse,0.0000
bumfs,0.0000
bumph,0.0000
bumpy,3.1800
bumps,3.6000
bunce,2.2600
bunch,4.5700
bunco,1.7600
bunda,1.7600
bundh,0.0000
bundy,3.2000
bunds,1.9300
bundt,2.1500
bunga,2.4400
bungy,1.6200
bungo,2.0900
bungs,1.5800
bunya,1.3700
bunko,1.7600
bunks,2.6300
bunty,2.1500
bunts,1.9200
buoys,2.7700
buran,1.6500
burao,0.0000
buras,1.3800
burds,1.0500
burel,0.0000
buret,1.1500
burez,0.0000
burga,1.1200
burge,2.3700
burgh,2.8600
burgs,1.5600
burin,1.8600
burys,0.0000
burka,2.5900
burke,3.8700
burly,2.8200
burls,1.6100
burma,3.5700
burny,1.5800
burns,4.2400
burnt,4.0300
burps,2.2600
bursa,2.6000
burse,1.6300
burst,4.1500
bused,2.1100
bushi,1.8400
bushy,2.9800
busky,0.0000
busti,1.1900
busty,3.0700
busto,1.5400
butch,3.3700
butea,1.1600
buteo,1.6300
butic,0.0000
butyl,2.5000
butin,1.4100
butyn,0.0000
butyr,0.0000
butle,0.0000
buxom,2.3800
caber,1.9100
cabin,4.1300
cabio,0.0000
cable,4.5400
cabot,3.0100
cabre,0.0000
cader,1.4300
cades,1.8000
cadet,3.3500
cadew,0.0000
cadge,1.4100
cadgy,0.0000
cadie,1.2100
cadis,0.0000
cados,0.0000
cadre,3.0400
cadus,0.0000
cafes,3.3300
cafiz,0.0000
cafoy,0.0000
caged,3.0600
cagey,2.3900
cager,1.5400
cages,3.4300
cagit,0.0000
cagot,0.0000
cagui,0.0000
cahiz,0.0000
cahot,0.0000
cahow,1.1200
cahuy,0.0000
caids,0.0000
cains,1.6600
cayos,0.0000
caird,2.1800
cairn,2.8700
cairo,3.8400
caite,0.0000
cajon,2.4500
cajou,0.0000
cajun,2.9900
caked,2.7000
cakey,2.1200
caker,0.0000
cakes,3.8500
caleb,3.5200
calef,1.3000
calfs,1.5900
calid,0.0000
calif,3.8300
calin,1.7000
calix,1.6000
calyx,2.4500
calks,1.2100
calmy,1.3500
calms,2.9800
calor,1.9400
calve,1.9600
camel,3.6400
cameo,3.4800
cames,1.5100
camis,1.3700
campe,1.7200
campi,1.8800
campy,2.5100
campo,2.8700
camps,4.1900
camus,2.8800
candy,4.2900
caned,2.1800
canel,1.4800
caner,1.8000
canes,3.1100
cangy,0.0000
canid,1.7400
canis,2.4800
canli,0.0000
canoe,3.5000
canos,1.0900
canso,1.8400
canst,2.3400
canty,1.9500
canto,2.8100
cants,1.6800
canzo,0.0000
caped,2.3600
capel,2.3500
caper,2.8600
capes,3.0000
caphs,0.0000
capon,2.1900
capos,1.8700
capot,0.0000
capri,3.0600
caput,2.0800
caque,0.0000
carby,1.7000
carbo,2.3100
cardo,1.9400
cards,4.7600
cared,4.1100
carey,3.7300
cares,4.4000
caret,1.9100
carex,2.1700
cargo,4.1900
carib,2.2200
carid,0.0000
caryl,2.3700
carks,0.0000
carle,2.5300
carli,2.4400
carlo,3.6900
carls,1.9300
carne,2.7600
carny,1.9700
carns,1.3600
carob,2.1100
carol,4.0200
carom,1.9700
carot,0.0000
carpe,2.6400
carpi,2.0200
carps,1.8500
carse,1.7000
carte,3.1600
carty,2.2100
carts,3.4500
carum,0.0000
carus,1.9000
carve,3.4100
carvy,0.0000
cased,2.5800
casey,3.9600
casel,0.0000
caser,0.0000
casky,0.0000
caste,3.6000
catel,1.1300
cater,3.5500
cates,2.5800
cathy,3.5400
catso,0.0000
catur,1.1100
cauld,1.2900
cauli,1.4200
caulk,2.2900
cauls,0.0000
caupo,0.0000
cause,5.3500
caved,2.9800
cavey,1.1600
cavel,0.0000
caver,1.7700
caves,3.6900
cavie,0.0000
cavil,2.0400
cavin,1.7000
cavum,1.0800
cavus,1.2100
cawed,0.0000
cawky,0.0000
cawny,0.0000
caxon,0.0000
cebid,0.0000
cebil,0.0000
cebur,0.0000
cebus,1.4600
cedar,3.7600
cedis,1.7200
cedry,0.0000
ceiba,1.8800
ceibo,0.0000
ceils,0.0000
ceint,0.0000
celia,3.2000
celom,0.0000
celts,2.8200
centi,1.5600
cento,2.2700
cents,4.3600
ceorl,0.0000
cequi,0.0000
ceral,0.0000
ceras,0.0000
cerat,0.0000
ceria,1.6900
ceryl,0.0000
cerin,0.0000
ceros,1.0300
certy,0.0000
cesar,3.2900
cesta,1.4600
cesti,0.0000
cetid,0.0000
cetyl,1.4700
cetin,1.6100
cetus,2.0100
chads,1.9800
chafe,2.4000
chaft,0.0000
chain,4.6500
chair,4.6900
chais,1.4100
chays,0.0000
chait,1.9800
chalk,3.6900
champ,3.9000
chams,1.4300
chane,1.8300
chang,3.7300
chank,1.3500
chant,3.6000
chaos,4.2700
chape,1.4100
chaps,3.1200
chapt,1.4700
chard,2.7100
chare,1.3800
chary,1.6400
chark,1.3800
charm,4.1200
chars,2.5000
chart,4.4700
chase,4.4400
chasm,2.9600
chati,0.0000
chats,3.3700
chaui,0.0000
chauk,1.1700
chaum,1.1900
chaus,1.0200
chave,1.4100
chawk,1.0500
chawl,1.3000
chawn,0.0000
chaws,0.0000
chazy,1.6100
cheap,4.7100
cheat,4.0600
chefs,3.6400
chego,0.0000
cheir,0.0000
cheka,1.8500
cheki,0.0000
chela,1.9800
chelp,0.0000
chena,1.6600
cheng,3.3700
chera,1.4600
chert,2.2600
chest,4.5200
chevy,3.5300
chewy,2.9400
chews,2.7800
chyak,0.0000
chiam,1.2000
chian,1.8900
chiao,2.1500
chias,0.0000
chiba,2.6400
chide,2.1800
chief,5.1100
chiel,1.1200
chien,2.7600
child,5.3000
chile,4.0600
chyle,1.4000
chimb,0.0000
chime,3.1400
chyme,1.3400
chimp,2.9500
chimu,1.4100
china,5.1000
chine,2.5200
ching,3.3700
chink,2.6100
chino,3.0200
chins,2.6900
chint,0.0000
chiot,0.0000
chips,4.2100
chirk,1.8100
chirl,0.0000
chirm,0.0000
chiro,2.0300
chirp,2.7900
chirt,0.0000
chiru,1.6600
chita,2.0000
chits,1.8600
chive,2.2100
chivy,0.0000
chivw,0.0000
chloe,3.7500
chlor,1.6300
choak,0.0000
choel,0.0000
choes,0.0000
choga,0.0000
choya,1.2600
choil,0.0000
choir,3.8800
choke,3.7200
choky,1.1600
chola,2.3300
chold,0.0000
choli,1.7200
chomp,2.5300
chonk,0.0000
chopa,0.0000
chops,3.3800
chora,1.9400
chord,3.6500
chore,3.1500
chort,1.0600
chose,4.5500
choup,0.0000
chous,0.0000
chout,1.0300
choux,2.0500
chowk,2.4400
chows,1.8700
chria,0.0000
chris,4.8100
chron,2.1500
chubs,2.0000
chude,1.1000
chuet,0.0000
chufa,0.0000
chugs,2.2100
chuje,0.0000
chump,2.9100
chums,2.6000
chung,3.4200
chunk,3.6400
churl,1.5100
churm,0.0000
churn,3.0700
chuse,1.3300
chute,3.1900
chwas,0.0000
cyano,1.7700
cyans,0.0000
cyath,0.0000
cyber,3.9800
cibol,0.0000
cider,3.5000
cyder,1.3800
cydon,0.0000
cigar,3.5700
cigua,0.0000
cylix,0.0000
cymae,0.0000
cymar,0.0000
cymas,0.0000
cymba,0.0000
cymes,1.5300
cimex,1.4600
cymol,0.0000
cindy,3.5800
cinel,0.0000
cines,1.3200
cions,0.0000
cypre,0.0000
cires,1.1500
cyril,3.4200
cyrus,3.8300
cista,1.0500
cital,0.0000
cited,4.2900
citer,0.0000
cites,3.6100
cytol,0.0000
cyton,0.0000
citua,0.0000
civet,2.1200
cizar,0.0000
clade,2.3700
clads,1.3400
claes,2.2600
clags,0.0000
claye,1.6000
claik,0.0000
claim,4.9500
clair,3.2800
clays,2.7900
clake,0.0000
clamb,0.0000
clame,0.0000
clamp,3.4500
clams,3.1300
clang,2.6300
clank,2.6600
clans,3.4500
clape,0.0000
claps,2.8900
clapt,0.0000
clare,3.6500
clary,2.7800
clark,4.3800
claro,2.4400
clart,0.0000
clash,3.9700
clasp,3.1000
clast,1.5500
claus,3.4800
claut,0.0000
clave,2.2500
clavi,0.0000
clavy,0.0000
clawk,0.0000
claws,3.5600
clead,0.0000
cleam,0.0000
clean,4.9700
clear,5.2500
cleat,2.3700
clefs,1.6300
cleft,2.9400
clept,0.0000
clerk,4.0000
cleuk,0.0000
clews,1.8200
clyde,3.7200
clyer,0.0000
clift,2.4100
clima,1.6700
climb,4.2200
clime,1.9400
cline,2.8400
cling,3.4900
clink,2.6200
clint,3.5300
clype,0.0000
clips,4.0400
clipt,0.0000
clite,0.0000
clive,3.6200
cloak,3.5700
cloam,0.0000
clods,2.0000
cloes,0.0000
clogs,2.7900
cloys,0.0000
cloit,0.0000
cloke,2.0000
cloky,0.0000
clomb,0.0000
clomp,1.4800
clone,3.6800
clong,0.0000
clonk,1.3800
clons,0.0000
clops,1.3400
close,5.3600
closh,0.0000
clote,0.0000
cloth,4.0300
clots,2.9700
cloud,4.4600
clour,0.0000
clout,3.2300
clove,2.9100
clown,3.9300
cloze,1.5500
clubs,4.5100
clued,2.4000
clues,3.8200
clump,2.9400
clung,2.9800
clunk,2.2300
cnida,0.0000
coaid,0.0000
coaly,0.0000
coals,2.9800
coapt,0.0000
coarb,0.0000
coart,0.0000
coast,4.8700
coati,1.5800
coats,3.7400
coaxy,0.0000
cobia,1.6400
coble,2.0000
cobra,3.5100
cobus,1.4300
codal,1.0100
codas,1.5000
coden,1.3900
coder,2.6900
codes,4.1800
codex,3.1800
coeds,1.9600
cogie,0.0000
cogit,0.0000
cogue,0.0000
cohen,3.9800
cohue,0.0000
coyan,0.0000
coyed,0.0000
coyer,1.1000
coifs,1.2700
coign,0.0000
coils,3.3600
coing,0.0000
coiny,0.0000
coins,4.2600
coypu,1.0900
coirs,0.0000
coked,2.3000
cokey,1.7100
coker,2.7400
cokes,2.4800
cokie,1.8300
colan,1.4100
colas,2.4700
colat,0.0000
colds,2.9700
coley,2.4000
colen,1.5700
coles,3.1500
colet,1.9500
colin,4.0900
colts,3.6100
colza,1.0700
comae,0.0000
comal,1.9000
coman,2.3200
comas,2.3500
combe,2.4600
comby,0.0000
combs,3.1700
comdg,0.0000
comdr,2.0100
comdt,1.1900
comer,2.8600
comes,5.3600
comet,3.6400
comfy,3.6300
comid,0.0000
compd,0.0000
comps,2.7500
compt,1.0800
comte,2.9100
comus,1.8900
conal,1.7300
coned,1.7900
coney,3.0600
coner,1.2500
cones,3.3900
confr,0.0000
conga,2.6700
conge,0.0000
conia,0.0000
conky,1.5000
conks,1.4600
conli,0.0000
consy,0.0000
const,2.8400
contd,1.9300
conte,3.1800
contg,0.0000
contr,2.2100
conus,2.3300
copal,1.7600
coped,2.6300
copei,1.2400
copen,1.4500
coper,1.3900
copes,2.4600
copia,1.8500
copis,0.0000
copra,2.1500
copse,2.3400
copsy,0.0000
copus,1.0900
coque,1.4500
corah,1.0600
coral,3.8600
coram,2.2900
coran,1.7900
corbe,0.0000
corby,2.7500
cordy,2.2100
cords,3.3500
cored,2.2900
corey,3.7000
cores,3.5200
corge,0.0000
corgi,2.8300
coria,1.4400
coryl,0.0000
corin,2.1400
corke,1.6300
corky,2.5800
corks,2.5700
corms,1.8300
corny,3.2300
corns,2.4500
cornu,1.9500
corpl,0.0000
corpn,1.0900
corps,4.2700
corse,2.3900
corsy,0.0000
corta,1.3800
corve,0.0000
cosed,0.0000
cosey,1.5600
cosen,1.2100
coset,1.5000
cosie,0.0000
cosin,1.3100
costa,4.1500
cotan,0.0000
coted,0.0000
cotes,2.1500
cothe,0.0000
cothy,0.0000
cotys,1.7000
coude,0.0000
cough,3.9500
could,6.0600
couma,0.0000
count,4.8300
coupe,3.3400
coups,2.8700
courb,0.0000
cours,2.5900
court,5.4100
couth,1.4600
couve,1.3000
coved,1.6900
covey,2.6100
coven,3.0000
cover,5.0800
coves,2.4900
covet,2.8200
covid,3.8600
covin,1.1000
cowal,1.4600
cowan,3.1800
cowed,2.4000
cower,2.5500
cowle,0.0000
cowls,1.8200
cowry,1.4400
coxae,1.4100
coxal,1.1200
coxed,1.5800
coxes,1.5000
cozed,0.0000
cozey,0.0000
cozen,1.5200
cozes,0.0000
cozie,0.0000
crabs,3.4000
craft,4.3000
crags,2.5200
craie,0.0000
craye,0.0000
craig,4.1800
craik,2.0100
crain,2.5200
crake,1.9600
cramp,3.0400
crams,1.8400
crane,3.9200
crang,1.1700
crany,0.0000
crank,3.6100
crape,1.8300
crapy,1.1200
craps,2.8000
crash,4.5500
crate,3.4700
crave,3.4700
cravo,0.0000
crawl,3.7700
crawm,0.0000
craws,1.1800
craze,3.3500
crazy,5.0700
cread,0.0000
creak,2.5200
cream,4.6200
creat,2.2400
creda,1.0700
credo,2.7700
crena,0.0000
crepy,0.0000
crept,3.1500
crest,3.6500
creta,1.6800
crews,3.8900
cryal,0.0000
cribo,0.0000
cribs,2.7100
cried,4.1900
criey,0.0000
cries,3.9300
crile,1.4100
crime,4.8900
crimp,2.6100
crine,1.1200
crink,0.0000
crips,2.4800
crypt,3.1000
crisp,3.7000
cryst,1.3200
crith,0.0000
croak,2.4000
croat,2.5500
croft,3.1700
croyl,0.0000
crois,1.6000
crome,1.7600
crone,2.6000
crony,2.7300
cronk,2.2500
crops,4.0500
crosa,0.0000
crose,0.0000
crost,0.0000
croup,2.2300
crout,1.1900
crowd,4.7000
crowl,1.3700
crown,4.5600
crows,3.4700
croze,1.1900
crude,4.0000
crudy,0.0000
cruds,0.0000
cruel,4.1200
cruet,1.7100
crumb,2.9700
crump,2.7500
crunk,2.2300
crunt,0.0000
cruse,2.1800
crush,4.1700
crust,3.7000
cruth,0.0000
crwth,0.0000
csnet,0.0000
ctimo,0.0000
cuban,3.9300
cubas,1.6600
cubed,2.5300
cuber,1.4300
cubes,3.4300
cubit,2.0700
cubla,0.0000
cubti,0.0000
cueva,1.9100
cuyas,0.0000
cuifs,0.0000
cuing,1.6700
cuish,0.0000
cujam,0.0000
cukes,1.4000
culet,1.0700
culex,2.0900
culmy,0.0000
culms,1.6600
culot,0.0000
culpa,2.5300
culti,1.2600
cults,3.1500
cumay,0.0000
cumal,0.0000
cumar,0.0000
cumyl,0.0000
cumin,3.0100
cumly,0.0000
cumol,0.0000
cunas,0.0000
cundy,1.7300
cunea,0.0000
cunei,0.0000
cunye,0.0000
cunit,0.0000
cunts,3.3300
cunza,0.0000
cupay,0.0000
cupel,0.0000
cupid,3.2000
curat,0.0000
curby,0.0000
curbs,2.7800
curdy,1.0600
curds,2.4800
cured,3.7400
cures,3.3400
curet,1.1100
curfs,0.0000
curia,2.5600
curie,2.8800
curin,0.0000
curio,2.4300
curly,3.6000
curls,3.4200
curns,0.0000
cursa,0.0000
curse,4.0700
curst,1.4000
curve,4.1400
curvy,3.1500
cushy,2.6600
cusie,0.0000
cutey,1.6600
cuter,2.9300
cutes,1.4300
cutie,3.3200
cutin,0.0000
cutis,1.6500
czars,2.1000
dabih,0.0000
dabuh,0.0000
daces,0.0000
dachs,1.1700
dacus,1.7600
dagon,2.4600
dagos,1.0600
dahms,1.0800
daijo,0.0000
daily,5.0700
daint,0.0000
dairy,4.0900
dairt,0.0000
daisy,3.7800
daker,0.0000
dakir,0.0000
daler,1.5400
dales,2.8200
dalis,1.3500
dames,2.9700
damie,1.0600
damns,2.0000
damon,3.7200
dampy,0.0000
damps,1.7100
dance,4.9300
dancy,2.2000
danes,3.2000
dangs,1.1700
danic,0.0000
danio,1.3800
danke,2.2200
danli,0.0000
dansy,0.0000
dansk,2.4400
dante,3.6100
darby,3.1700
darbs,0.0000
darci,1.9600
darcy,3.3200
daren,2.3900
dares,3.2200
dargo,1.1600
daric,1.3900
daryl,3.4300
darin,2.6600
darky,1.7300
darks,2.0600
darns,1.0300
darst,1.2600
darts,3.4100
dashy,1.2100
dasht,1.6000
dasnt,0.0000
datch,0.0000
dater,1.9800
dates,4.5400
datil,0.0000
datos,1.6700
datsw,0.0000
datum,2.5200
daube,1.5800
dauby,0.0000
daubs,1.5500
dauke,0.0000
dault,0.0000
daunt,2.0400
dauri,0.0000
dauts,0.0000
daven,1.6100
daver,0.0000
davis,4.4900
davit,1.8900
dawen,0.0000
dawks,0.0000
dawny,0.0000
dawns,2.6400
dawts,0.0000
dawut,0.0000
dazes,0.0000
deair,0.0000
deals,4.5900
dealt,4.2000
deans,3.0600
deary,2.1400
dearn,0.0000
dears,2.4400
deash,0.0000
death,5.4000
debag,0.0000
debar,1.9600
debat,1.5300
debit,3.6200
debts,3.9900
debug,2.8600
debus,1.4600
debut,4.5200
decay,3.8300
decal,3.0100
decan,1.2700
decap,1.2700
decil,0.0000
decyl,0.0000
decks,3.6100
decoy,3.0400
decor,3.6500
decry,2.6000
decus,1.2200
defat,0.0000
defis,0.0000
defix,0.0000
defog,1.0300
degas,2.6900
degum,0.0000
deify,1.8200
deign,2.2600
deils,0.0000
deink,0.0000
deino,1.0600
deynt,0.0000
deism,2.2400
deist,2.1200
deity,3.5500
delay,4.4000
delaw,0.0000
delfs,0.0000
delft,2.7200
delhi,4.2900
delia,3.0500
delim,0.0000
delis,2.1100
delit,0.0000
delph,2.3900
delta,4.1200
demal,0.0000
demit,1.1500
demob,1.4600
demon,4.0600
demos,3.4000
demot,0.0000
demur,1.7800
denay,0.0000
denar,1.2100
denat,0.0000
denim,3.5200
denis,3.6200
denom,1.2500
denty,0.0000
dents,2.8300
deota,0.0000
depas,0.0000
depit,0.0000
depoh,0.0000
depot,3.9500
depth,4.5500
derah,0.0000
deray,1.7400
derat,0.0000
derby,4.1000
deric,1.6400
deriv,0.0000
derma,2.0800
derms,0.0000
derog,0.0000
derth,0.0000
desyl,0.0000
desma,1.0800
desto,1.2200
detar,0.0000
detax,0.0000
detin,0.0000
detur,0.0000
deval,2.1000
devas,2.2200
devil,4.3000
devon,3.8400
devot,0.0000
devow,0.0000
dewal,0.0000
dewan,2.5000
dewar,2.7100
dewax,0.0000
dhaks,0.0000
dheri,0.0000
dhyal,0.0000
dhikr,1.8300
dhobi,1.6700
dhoby,0.0000
dhole,1.5800
dhoni,2.9500
dhoti,2.0000
dhoty,0.0000
dhoul,0.0000
dhows,1.7000
dhuti,0.0000
diact,0.0000
dials,3.0000
diamb,0.0000
diane,3.8300
diary,4.0900
dyaus,0.0000
diazo,1.7100
dicey,2.6700
dicer,1.8000
dices,2.0200
dicht,1.0200
dicky,2.7300
dicks,3.6300
dicot,1.4100
dicta,2.0600
dicty,0.0000
diego,4.3600
dyers,2.0500
diety,1.6000
diets,3.6600
dight,1.4700
digne,2.1900
digor,0.0000
digue,1.3400
dying,4.6300
diker,1.1000
dyker,1.4000
dikes,2.5500
dykes,2.8900
dylan,4.0500
dilos,0.0000
dimer,2.5500
dimes,2.9300
dimly,2.7900
dimna,0.0000
dimps,1.2800
dinah,3.1300
dynam,1.3400
dinar,2.5800
dynel,0.0000
diner,3.4800
dines,2.4200
dynes,1.6700
dinge,1.6300
dingy,2.8200
dingo,2.7500
dings,2.6400
dinka,2.6900
dinky,2.6300
dinks,2.0800
dinos,2.5200
dints,0.0000
dinus,0.0000
diols,1.6200
dione,2.1600
diose,0.0000
diota,0.0000
dioxy,0.0000
diple,0.0000
dipsy,1.5900
dipso,0.0000
dipus,0.0000
dirca,0.0000
direx,0.0000
dirge,2.3800
dirgy,0.0000
dirks,2.1700
dirls,0.0000
dirty,4.5500
dirts,1.2800
disco,3.7800
dishy,1.7800
disme,0.0000
disna,0.0000
disty,0.0000
distn,0.0000
distr,1.8400
dital,0.0000
ditas,0.0000
ditch,3.9000
diter,0.0000
dites,1.5900
diurn,0.0000
divan,2.5300
divas,3.0500
divel,0.0000
diver,3.4100
dives,3.3000
divet,0.0000
divot,2.1200
divus,1.2400
diwan,2.2900
dizen,0.0000
djave,0.0000
djins,0.0000
djuka,0.0000
doaty,0.0000
doats,1.1900
dobie,2.3000
dobla,0.0000
dobra,1.3900
docks,3.5600
doers,2.6200
doesn,3.2200
doest,2.0800
doeth,2.0200
dogal,0.0000
dogey,0.0000
doges,1.9300
dogie,1.1200
dogly,0.0000
dogma,3.2700
dogra,1.8500
doyen,2.2500
doigt,0.0000
doyle,3.7400
doily,2.1100
doylt,0.0000
doina,1.8600
doing,5.6000
doyst,0.0000
doits,0.0000
dolce,3.0700
dolci,1.6400
doley,1.0400
doles,2.1000
dolia,0.0000
dolph,2.8200
dolts,1.8900
dolus,1.5800
domal,0.0000
domba,0.0000
domer,1.2400
domes,3.0000
domic,0.0000
dompt,0.0000
domus,2.2500
donal,2.5900
donar,1.3800
donas,1.4200
donat,2.1300
donax,1.3200
doncy,0.0000
donec,1.3600
doney,1.5300
donet,0.0000
donga,1.8100
dongs,2.3100
donia,1.6400
donis,1.4800
donsy,0.0000
donum,1.4700
donut,3.3100
dopas,0.0000
dopey,2.6800
doper,1.8500
dopes,2.1000
dorab,0.0000
doray,1.3800
dorey,1.8100
doria,2.3600
doric,2.5200
doris,3.5800
dorje,2.0600
dormy,1.2100
dorms,2.9900
dorps,0.0000
dorsa,1.6100
dorse,0.0000
dorsi,1.7400
dorty,0.0000
dorts,0.0000
doser,1.2100
dotal,0.0000
doter,0.0000
dotes,2.0300
douar,0.0000
doubt,4.9000
douce,2.1600
dough,3.8600
dougl,1.0500
douma,2.2400
doura,1.2500
douse,2.5900
dovey,2.5400
doven,0.0000
dover,3.5700
doves,3.1000
dowel,2.3800
dower,2.4200
dowie,2.0600
dowly,0.0000
downy,2.6000
downs,3.9300
dowry,3.1300
dowse,1.8800
dowve,0.0000
doxie,1.6700
dozen,4.3500
dozer,2.3800
dozes,1.6700
drabs,1.7600
draco,3.0400
draft,4.6100
drago,2.6600
drags,3.2400
drail,0.0000
drain,4.0700
drays,1.4700
drake,3.9600
drame,1.5800
drams,2.0700
drang,2.1500
drank,3.9500
drant,0.0000
drape,2.7400
drate,0.0000
drats,1.3000
drave,1.1100
drawk,0.0000
drawl,2.4800
drawn,4.5300
draws,4.1000
dream,4.9100
dreck,1.9000
dregs,2.6200
dreks,0.0000
dreng,0.0000
drent,1.0800
drest,1.3100
drias,0.0000
dryas,1.8800
dribs,1.5400
dries,3.2000
drift,3.8200
drily,1.9700
drink,4.9000
drips,2.8500
dript,0.0000
drisk,0.0000
dryth,0.0000
drive,5.1300
drogh,0.0000
droil,0.0000
droyl,0.0000
droit,2.5000
drome,1.7700
drona,2.0000
drone,4.0000
drony,0.0000
drops,4.3300
dropt,1.2700
drouk,0.0000
drove,4.3600
drovy,0.0000
drown,3.6800
drubs,0.0000
drugs,4.7700
drums,3.9300
drung,0.0000
drunk,4.6100
drunt,0.0000
drupa,1.2100
drupe,1.6900
druse,1.8300
drusy,1.2900
druxy,0.0000
druze,2.5700
dsect,0.0000
duali,0.0000
duals,2.2000
duane,3.1900
duant,0.0000
dubhe,0.0000
dubio,0.0000
ducal,2.3900
ducat,1.9600
duces,1.7700
duchy,3.0000
ducky,2.6800
ducks,3.9000
ducts,3.1100
duels,2.8700
duets,2.7900
dugal,1.4300
duhat,0.0000
duits,0.0000
dujan,0.0000
dukes,3.2300
dukhn,0.0000
dulat,0.0000
dulce,2.6700
duler,0.0000
dulia,1.0400
dulse,1.4500
dumas,2.8900
dumba,1.8300
dumby,1.4100
dumbs,1.7900
dumka,1.5700
dumky,0.0000
dumpy,2.3200
dumps,3.3500
dunal,0.0000
dunce,2.5000
dunch,1.0200
dunes,3.3700
dungy,2.1100
dungs,1.0600
dunks,2.8000
dunst,2.3000
dunts,0.0000
duole,0.0000
duomi,0.0000
duper,2.8800
dupes,2.4800
dupla,0.0000
duple,1.6900
duply,0.0000
dural,2.1400
duras,2.1700
durax,0.0000
dures,1.0400
duret,1.4000
duryl,0.0000
durio,1.0700
durns,0.0000
duroc,1.7600
duroy,1.3600
duros,1.3600
durst,2.7000
durzi,0.0000
dusio,0.0000
dusky,2.8300
dusty,3.6700
dutch,4.4100
dutra,1.7200
duvet,2.9900
duxes,0.0000
dvigu,0.0000
dwale,0.0000
dwalm,0.0000
dwang,0.0000
dwarf,3.7500
dwelt,2.6500
dwyka,0.0000
dwine,0.0000
eably,0.0000
early,5.4300
earls,2.8700
earns,3.5600
earsh,0.0000
earth,5.0600
eblis,0.0000
ebony,3.3400
ebons,0.0000
ecart,0.0000
echar,0.0000
echis,0.0000
echos,2.3900
eclat,1.6700
ecoid,0.0000
ecrus,0.0000
ectad,0.0000
ectal,0.0000
edgar,3.7900
edict,3.1000
edify,1.9600
ediya,0.0000
edith,3.5700
edits,3.4400
edoni,0.0000
educt,0.0000
edwin,3.6500
egads,1.5600
egypt,4.4500
egrid,0.0000
eidos,1.9500
eight,5.0200
eyght,0.0000
eying,2.1400
eikon,1.8000
eimak,0.0000
eyras,0.0000
ejido,1.7200
ejusd,0.0000
eking,1.9400
ekron,1.6900
elaic,0.0000
elain,1.3000
elamp,0.0000
eland,2.1500
elans,0.0000
elaps,0.0000
elbow,3.8400
eldin,1.8700
elfic,0.0000
elfin,2.2600
elian,2.0100
elias,3.4200
elihu,2.3300
elymi,0.0000
eliot,3.5000
eliza,3.4800
eloah,0.0000
elogy,0.0000
eloin,0.0000
elong,1.4000
elops,0.0000
elric,2.2500
elsin,0.0000
elvan,1.6800
elvis,3.7800
email,4.6800
embay,0.0000
embar,1.4300
embog,0.0000
embow,0.0000
embox,0.0000
embus,0.0000
emyds,0.0000
emigr,0.0000
emily,4.1400
emirs,1.9300
emits,3.0200
emong,1.0200
emony,0.0000
emory,3.2700
empty,4.5900
emuls,0.0000
enact,3.4300
enami,1.1600
enapt,0.0000
enarm,0.0000
encia,0.0000
encup,0.0000
endia,1.0900
endow,2.4300
enhat,0.0000
eniac,1.7800
enjoy,5.0900
enlay,0.0000
enoch,3.0900
enoil,0.0000
enols,0.0000
enorm,0.0000
enows,0.0000
enpia,0.0000
enray,0.0000
enrib,0.0000
enrol,2.6700
enrut,0.0000
ensky,0.0000
entad,0.0000
ental,0.0000
entia,1.0500
entom,0.0000
entry,4.6700
envoi,1.4800
envoy,3.4800
enzym,0.0000
eoith,0.0000
eosin,1.8600
epact,1.3700
ephas,0.0000
ephod,1.5900
ephoi,0.0000
ephor,0.0000
epics,2.9100
epiky,0.0000
epist,0.0000
eplot,0.0000
epoch,3.1900
epoxy,3.1000
epris,0.0000
epsom,3.0000
epulo,0.0000
equal,4.6500
equid,1.2100
equip,3.5000
equiv,2.0000
erato,1.6700
erbia,0.0000
ergal,0.0000
ergon,1.8100
ergot,2.0900
erian,1.6900
erica,3.5600
erick,2.8900
erika,3.1700
eryon,0.0000
erizo,0.0000
ermit,0.0000
ernst,3.5100
eruca,0.0000
eruct,0.0000
erugo,0.0000
erump,0.0000
erupt,2.9700
ervil,0.0000
ervum,0.0000
erwin,3.0800
esbay,0.0000
escar,0.0000
escot,0.0000
escry,0.0000
eshin,0.0000
eskar,0.0000
esrog,0.0000
estab,2.0800
estoc,0.0000
estop,1.2500
etang,1.5000
ethal,0.0000
ethan,3.7000
ethic,3.5400
ethid,0.0000
ethyl,2.9300
ethos,3.3200
etiam,1.6300
etyma,0.0000
etnas,0.0000
etrog,1.2700
etuis,0.0000
etwas,1.6900
eucti,0.0000
eupad,0.0000
euros,3.7800
eusol,0.0000
evang,1.3200
evans,4.2200
evict,2.9700
evils,3.3500
ewing,3.2600
exact,4.5100
exalt,2.6000
exams,4.0000
exaun,0.0000
excud,0.0000
excur,0.0000
exhbn,0.0000
exing,0.0000
exion,0.0000
exist,4.7300
exits,3.5300
exody,0.0000
exopt,0.0000
expdt,0.0000
expos,2.6200
exptl,0.0000
expwy,0.0000
extol,2.3000
extra,4.9800
exult,1.8000
exurb,1.1300
exust,0.0000
fabes,1.0600
fable,3.1600
faced,4.4900
facer,1.6600
faces,4.5900
facet,3.1800
facie,2.6200
facit,1.5600
facks,0.0000
facty,0.0000
facto,3.5800
facts,4.7200
faden,1.6800
fader,2.5800
fades,3.4100
fadge,0.0000
fadme,0.0000
fados,0.0000
faery,2.0300
fager,1.7100
fagin,2.2900
fagot,1.9800
fagus,1.8100
fayed,2.2500
fails,4.2600
fains,0.0000
faint,3.7800
faire,3.1400
fairy,4.0800
fairm,0.0000
fairs,3.3900
faith,4.8200
faits,1.6100
faked,3.3500
faker,2.8100
fakes,3.2300
fakir,2.1700
falco,2.9500
false,4.6300
falun,2.4300
falus,0.0000
famed,3.6000
fames,1.6900
fancy,4.3500
fanes,1.2600
fangy,0.0000
fango,1.1900
fangs,3.0200
fanit,0.0000
fanos,0.0000
fanti,1.7700
fanum,0.0000
fanwe,0.0000
faqir,1.4000
farce,3.3300
farci,0.0000
farcy,1.0900
farde,0.0000
fardh,0.0000
fardo,0.0000
fards,0.0000
fared,3.0800
fares,3.6100
fario,0.0000
farle,0.0000
farls,0.0000
farmy,0.0000
farms,4.1400
faros,1.3200
farse,1.1200
farsi,2.6600
farth,0.0000
farts,3.1900
fasti,2.0600
fated,3.1900
fates,3.1800
fatil,0.0000
fatly,0.0000
fator,1.2700
fatso,2.1400
faugh,1.2000
fauld,0.0000
fault,4.6400
faulx,0.0000
fauns,1.6600
faurd,0.0000
fause,0.0000
faust,3.0700
faute,1.4000
fauve,1.5800
favel,1.1800
favor,4.5800
favus,0.0000
fawny,0.0000
fawns,2.1800
faxed,2.4700
faxes,2.4500
fazed,2.2600
fazes,1.5800
fchar,0.0000
fcomp,0.0000
fconv,0.0000
fdubs,0.0000
fears,4.1700
feast,3.9500
featy,0.0000
feats,3.2300
fecal,3.0100
fecit,1.6900
fecks,0.0000
fedia,0.0000
feign,2.5800
feint,2.5200
feist,2.2200
felid,1.3400
felis,2.1100
felix,3.8400
felon,3.1700
felty,1.6500
felts,2.0800
felup,0.0000
femic,0.0000
femur,3.0000
fendy,0.0000
fends,2.0000
fenks,0.0000
feods,0.0000
feral,3.2900
feria,2.2000
ferio,0.0000
ferly,0.0000
fermi,2.8300
ferny,1.8700
ferns,3.1200
ferox,1.7800
ferth,0.0000
festa,2.4200
festy,1.0900
fetal,3.4000
fetas,0.0000
fetch,3.6500
fetid,2.2900
fetis,0.0000
fetor,0.0000
fetus,3.6000
fetwa,0.0000
feuar,0.0000
feuds,2.8900
fgrid,0.0000
fiant,0.0000
fiard,0.0000
fiars,0.0000
fiats,1.7100
fiber,4.0600
fibra,1.4200
fibre,3.6700
fibry,0.0000
fibro,2.3700
fices,0.0000
fyces,0.0000
fiche,1.7100
fichu,0.0000
ficus,2.4200
fidac,0.0000
fidel,3.2000
fides,2.5600
fidge,0.0000
fidos,0.0000
field,5.2400
fiend,3.1000
fient,0.0000
fiery,3.5700
fight,5.2300
fiked,0.0000
fikey,0.0000
fykes,0.0000
filao,0.0000
filar,1.1900
filch,1.9700
filea,0.0000
filed,4.4900
filer,2.4500
files,4.4600
filet,2.8000
filmy,2.1300
films,4.6400
filth,3.4100
filum,1.2200
final,5.2800
finca,2.1200
finch,3.5500
findy,0.0000
finds,4.6100
fined,3.7000
finer,3.4000
fines,3.7800
finew,0.0000
fingu,0.0000
finks,2.0000
fiord,1.8700
fique,0.0000
firca,0.0000
fired,4.6300
fires,4.1700
firma,2.4300
firms,4.3800
firns,0.0000
first,6.1100
firth,3.1800
fishy,3.2800
fisty,1.2400
fitch,3.2600
fitly,1.4600
fiver,2.7100
fives,3.1100
fixed,4.7000
fixer,3.0400
fixes,3.5900
fixup,1.1500
fjeld,1.1100
fjord,2.8100
flabs,0.0000
flack,2.9500
flags,4.0900
flain,0.0000
flair,3.5400
flays,1.6600
flake,3.2100
flaky,2.8700
flamb,0.0000
flame,4.0700
flamy,0.0000
flams,1.1400
flane,0.0000
flang,0.0000
flank,3.6400
flans,1.5200
flaps,3.2000
flare,3.6400
flary,0.0000
flash,4.4500
flask,3.2000
flats,3.7700
flavo,1.0500
flawy,0.0000
flawn,0.0000
flaws,3.8500
flaxy,0.0000
flche,0.0000
fldxt,0.0000
fleay,1.3400
fleak,0.0000
fleam,0.0000
flear,0.0000
fleas,3.1100
fleck,2.5700
flect,0.0000
flegm,0.0000
fleys,0.0000
flesh,4.2000
fleta,1.7000
fleur,2.9600
flews,0.0000
flexo,1.7500
flick,3.6300
flics,1.3900
flied,2.0000
flier,2.9200
flyer,3.5800
flies,4.0900
flimp,0.0000
fling,3.3300
flint,3.7700
flipe,0.0000
flype,0.0000
flips,3.2900
flirt,3.5200
flisk,0.0000
flite,1.8300
flyte,1.7800
flits,2.0100
fload,0.0000
float,3.9400
flock,3.6900
flocs,1.2600
floey,0.0000
floes,2.1700
flogs,1.6100
floyd,3.8300
floit,0.0000
floyt,0.0000
flong,0.0000
flops,3.3000
flora,3.7000
flory,2.1100
flosh,0.0000
flota,1.3800
flote,0.0000
flots,1.0800
flour,4.0000
flout,2.2500
flowe,1.1900
flowk,0.0000
flown,3.8300
flows,4.1400
flrie,0.0000
flubs,1.8100
flued,0.0000
fluey,0.0000
fluer,0.0000
flues,1.8800
fluid,4.2200
fluyt,0.0000
fluke,3.1400
fluky,1.6000
flume,2.8100
flump,1.1100
flung,3.3300
flunk,2.1700
fluor,2.1900
flurn,0.0000
flurt,0.0000
flush,3.8000
flusk,0.0000
flute,3.5200
fluty,0.0000
fname,1.2000
foaly,0.0000
foals,2.6300
foamy,2.4100
foams,2.7600
focal,3.6700
focus,5.0000
foder,0.0000
fodge,0.0000
foehn,1.4800
foeti,0.0000
fogas,0.0000
fogey,1.6600
fogie,0.0000
fogle,2.1300
fogus,0.0000
fohat,0.0000
fohns,0.0000
foyer,3.0900
foils,2.8100
foins,0.0000
foism,0.0000
foist,2.1400
foldy,1.2400
folds,3.4300
folia,1.8600
folic,2.7100
folie,2.0800
folky,1.9500
folks,4.5900
fomes,1.2300
fonds,2.2000
fondu,1.2900
fonly,0.0000
fonts,3.2400
foray,3.0400
foram,1.3800
forby,1.1600
forbs,1.7700
force,5.2300
forcy,0.0000
fordy,1.2900
fords,2.7400
forel,1.8900
fores,1.6900
foret,1.8400
forex,3.6400
forge,3.7800
forky,1.2800
forks,3.4500
forma,2.9500
forme,2.4400
formy,1.2300
forms,4.7300
forst,2.1900
forte,3.2400
forth,4.4000
forty,4.2000
forts,3.2300
forum,4.3800
fosie,0.0000
fotch,0.0000
fotui,0.0000
fouls,3.1500
found,5.6800
fount,2.2800
fourb,0.0000
fours,3.2400
foute,0.0000
fouth,1.2500
fouty,0.0000
fovea,2.0200
fowls,2.1800
foxed,1.8200
foxer,0.0000
foxes,3.4200
foxie,1.0900
foxly,0.0000
fplot,0.0000
frack,2.4400
fract,0.0000
frags,1.9200
fraid,1.8800
fraik,0.0000
frail,3.2800
frayn,1.7400
frays,1.7000
frame,4.5800
franc,3.1100
frank,4.7500
franz,3.5300
frape,0.0000
fraps,1.7700
frase,1.6600
frate,1.4200
frats,1.9100
fraud,4.3700
fraus,0.0000
frawn,0.0000
fraze,1.0700
frden,0.0000
freak,4.0800
fream,0.0000
freck,1.1500
freya,2.9400
freit,0.0000
fremd,1.3100
fremt,0.0000
frena,1.0500
freon,2.2200
fresh,4.8300
frets,2.6500
freud,3.4700
fried,4.0600
fries,3.8100
frigs,0.0000
frija,0.0000
frike,0.0000
frise,1.9500
frisk,2.9200
frist,2.3800
frith,2.6000
frits,1.9900
fritz,3.4200
frize,1.2200
frock,2.8800
froes,0.0000
frogs,3.5600
frond,2.2300
frons,1.7900
front,5.2800
frosh,2.2900
frosk,0.0000
frost,3.9500
froth,2.7500
frowy,0.0000
frowl,0.0000
frown,3.2600
frows,0.0000
froze,3.4200
frugs,0.0000
fruit,4.5700
frump,1.7200
frush,1.0400
frust,0.0000
fuage,0.0000
fubsy,0.0000
fuchi,1.2200
fucks,3.9000
fuder,0.0000
fudge,3.3300
fudgy,1.7300
fuels,3.8200
fugal,1.6600
fugie,0.0000
fugio,0.0000
fugit,1.8000
fugle,0.0000
fujis,0.0000
fulah,0.0000
fulth,0.0000
fultz,2.2600
fulwa,0.0000
fumed,2.2500
fumer,0.0000
fumes,3.3400
fumet,0.0000
fumid,0.0000
fundi,1.6000
funds,4.7400
funge,0.0000
fungi,3.4800
fungo,1.3100
funic,0.0000
funis,0.0000
funje,0.0000
funky,3.6300
funks,1.5900
funli,0.0000
fural,0.0000
furan,1.7600
furca,1.1700
furil,0.0000
furyl,0.0000
furls,0.0000
furze,2.0000
furzy,0.0000
fused,3.4000
fusel,1.3300
fusht,0.0000
fusil,1.5600
fusty,1.6600
futwa,0.0000
fuzed,1.1300
fuzes,1.7500
fuzil,0.0000
gable,3.0800
gabon,2.9200
gader,0.0000
gades,1.5100
gadis,1.5000
gadso,0.0000
gadus,1.3200
gaels,2.2800
gayer,2.3700
gaily,2.2000
gaine,1.5500
gains,4.2500
gaist,0.0000
gaits,1.8800
gaius,2.9900
gaize,0.0000
galbe,0.0000
galei,0.0000
galey,1.3400
galen,2.9500
gales,2.8100
galet,0.0000
galik,0.0000
galop,1.4600
galut,1.0100
galvo,0.0000
gambe,0.0000
gambs,0.0000
gamed,2.2500
gamey,2.0900
gamer,3.6200
games,5.4400
gamic,0.0000
gamin,1.7000
gamps,0.0000
gamut,2.8700
ganch,0.0000
ganef,0.0000
ganev,1.2100
ganof,0.0000
gansy,0.0000
gaols,1.6000
gaped,2.0300
gaper,1.2100
gapes,2.0800
garbo,2.5500
garbs,1.5000
garce,0.0000
garde,3.3400
gardy,1.6500
gareh,0.0000
garle,0.0000
garni,1.9000
garon,1.9000
garse,0.0000
garth,3.3100
garum,1.3200
gashy,0.0000
gaspy,0.0000
gatch,1.4400
gated,3.2300
gater,1.4900
gates,4.3000
gator,3.1900
gauby,0.0000
gaucy,0.0000
gaudy,2.8300
gauds,0.0000
gauls,2.6400
gault,2.4600
gaumy,0.0000
gaums,0.0000
gaunt,2.9000
gaure,0.0000
gaurs,0.0000
gauze,2.8900
gauzy,2.1600
gavel,2.6600
gavot,0.0000
gawby,0.0000
gawky,1.9100
gawks,1.0400
gawsy,0.0000
gazed,2.8300
gazel,0.0000
gazer,1.9600
gazes,2.6100
gazet,0.0000
gazon,0.0000
gconv,0.0000
gears,3.6700
geast,0.0000
gebur,0.0000
gecko,2.9100
gecks,0.0000
geyan,0.0000
geira,0.0000
geisa,1.0600
geist,2.5700
gelds,0.0000
gelid,1.3100
gelts,0.0000
gemot,0.0000
gemul,0.0000
genal,1.4400
genic,1.6200
genio,1.6400
genip,0.0000
genys,0.0000
genit,0.0000
genoa,3.1800
genom,1.5000
genos,1.8300
genro,1.2300
genty,0.0000
gents,3.1500
genua,1.3200
genus,3.7300
geoid,1.7800
geoty,0.0000
gerah,0.0000
gerbo,0.0000
gerim,0.0000
gerip,0.0000
germy,1.6300
germs,3.3900
gesan,0.0000
getah,0.0000
getas,0.0000
getfd,0.0000
getic,0.0000
getid,0.0000
getup,2.5000
geums,0.0000
ghain,0.0000
ghast,1.5200
ghats,2.4200
ghaut,1.3500
ghazi,2.6900
ghbor,0.0000
ghent,2.8600
ghole,0.0000
ghost,4.4200
ghoul,2.8900
giant,4.6200
gibed,0.0000
gybed,0.0000
gibel,0.0000
giber,0.0000
gibes,1.5600
gybes,0.0000
gibus,1.2900
gifts,4.3800
giher,0.0000
gilds,1.5800
giles,3.5800
gilet,1.9000
gilpy,0.0000
gilse,0.0000
gilty,0.0000
gilts,2.3100
gimel,1.3300
gymel,0.0000
gimpy,1.8900
gimps,1.7700
ginep,0.0000
gynic,0.0000
ginks,0.0000
ginzo,0.0000
gipon,0.0000
gipsy,2.6500
gyral,0.0000
girba,0.0000
girds,1.4400
gyred,0.0000
gyres,1.7700
gyric,0.0000
girja,0.0000
girly,3.2300
girls,5.1700
girny,0.0000
girns,0.0000
giron,1.9400
gyron,0.0000
giros,1.1900
gyros,2.2900
girse,0.0000
girsh,0.0000
girth,2.9200
girts,1.0900
gyrus,2.5400
gisel,1.0200
gisla,1.0300
gismo,1.2900
giust,0.0000
gyved,0.0000
givey,0.0000
given,5.4100
giver,3.2000
gives,5.0300
gyves,0.0000
gizmo,2.6100
glace,2.2700
glack,0.0000
glade,2.7800
glady,1.6200
glads,1.5200
glaik,0.0000
glair,0.0000
glaky,0.0000
gland,3.3800
glans,2.4200
glare,3.3600
glary,1.1000
glaum,0.0000
glaur,0.0000
glaux,0.0000
glave,1.3100
glaze,3.2800
glazy,0.0000
glead,0.0000
gleam,2.9700
glean,2.7300
gleba,1.2600
gleby,0.0000
gledy,0.0000
gleds,0.0000
gleir,0.0000
gleys,0.0000
gleit,0.0000
glens,2.6600
glent,0.0000
glick,2.5900
glide,3.3300
glike,0.0000
glime,0.0000
glims,0.0000
glink,0.0000
glint,2.6500
glyph,2.7000
glisk,0.0000
glist,0.0000
gloam,0.0000
gloat,2.6200
globe,4.2800
globy,0.0000
globs,1.9100
gloea,0.0000
glome,0.0000
glomi,0.0000
gloms,0.0000
glops,0.0000
glore,1.2100
glory,4.3600
glost,0.0000
glout,0.0000
glove,3.7300
glows,2.9300
gloze,0.0000
gluck,2.4300
glued,3.4100
gluey,1.6800
gluer,1.1200
glues,2.4200
gluma,0.0000
glume,1.3900
glump,0.0000
gluon,2.1600
gluts,1.6300
gnarl,1.2300
gnars,0.0000
gnash,2.0300
gnast,0.0000
gnats,2.4600
gnaws,1.9500
gnide,0.0000
gnome,3.2000
goads,1.9100
goals,4.9500
goaty,1.2800
goats,3.7200
goave,0.0000
goban,0.0000
gobet,0.0000
gobia,0.0000
godet,1.5200
godly,3.2600
goers,3.0900
goety,0.0000
gofer,1.6900
goyim,2.0700
goyin,0.0000
goyle,1.6300
goldi,1.5000
goldy,2.3500
golds,3.1300
golem,2.7900
goles,1.1600
golet,0.0000
golfs,1.9700
golpe,1.3700
gomer,2.3300
gonad,1.8800
gonal,1.3000
gondi,1.4800
goney,0.0000
goner,2.4500
gonia,0.0000
gonid,0.0000
gonif,0.0000
gonys,0.0000
gopak,0.0000
goral,1.4200
goran,2.8500
gorce,1.0400
gored,2.2300
gores,2.1000
goric,0.0000
gorki,1.9200
gorse,2.3500
gorsy,0.0000
gorst,1.7500
gotch,2.1600
goter,0.0000
gotha,2.2800
goths,2.7600
gotra,1.6800
gouda,2.5200
goudy,1.7900
goumi,0.0000
goura,0.0000
gourd,2.8200
goury,0.0000
gouty,1.7700
gouts,1.2900
gowan,2.2400
gowdy,2.5900
gowds,0.0000
gowks,0.0000
gowns,3.2500
goxes,0.0000
grabs,3.7300
grace,4.5600
gracy,1.7100
grade,4.8000
grads,2.9300
graft,3.4700
grail,3.4600
grain,4.1800
graip,0.0000
grays,2.8300
grame,0.0000
gramy,0.0000
gramp,1.4100
grams,3.8200
grand,4.9100
grane,1.3100
grank,0.0000
grano,1.7000
grant,4.6700
grape,3.7000
graph,4.0500
grapy,0.0000
grasp,3.9700
grate,3.1700
grave,4.3100
gravy,3.4800
graze,3.0200
great,5.8800
grebo,1.1500
greco,2.9900
grein,1.3400
greys,2.8500
greit,0.0000
greta,3.2400
grewt,0.0000
grice,2.3400
gride,0.0000
gryde,0.0000
grids,3.1300
grief,4.0800
grift,2.2800
grike,0.0000
grime,3.0900
grimy,2.7600
grimp,0.0000
grind,3.9400
grins,2.8200
grint,2.0900
griot,1.7500
gripe,2.8100
grype,0.0000
griph,0.0000
gryph,1.0200
gripy,0.0000
grips,3.4700
gript,0.0000
grise,1.8600
grist,2.6800
grith,0.0000
grits,2.9300
groan,3.1200
groat,2.1100
groin,3.2600
groma,0.0000
grond,1.6100
gront,0.0000
grope,2.6800
grosz,2.0700
grote,2.3700
grots,1.2100
grouf,0.0000
group,5.5700
grout,2.8300
grove,3.9400
grovy,0.0000
growl,3.1400
grown,4.6700
grows,4.1800
grubs,2.4800
gruel,2.4400
grues,0.0000
gruft,0.0000
gruis,0.0000
gruys,0.0000
grume,0.0000
grump,2.2900
grunt,3.1500
grush,0.0000
gteau,0.0000
guaco,0.0000
guano,2.6100
guans,0.0000
guard,4.7300
guary,0.0000
guars,0.0000
guato,0.0000
gubat,0.0000
gucki,0.0000
gucks,0.0000
gudes,0.0000
gudok,0.0000
guelf,0.0000
guest,4.5800
guiac,0.0000
guiba,0.0000
guide,4.7500
guido,3.1700
guids,1.1800
guyed,1.5200
guyer,2.2100
guijo,0.0000
guild,3.9300
guile,2.7500
guily,0.0000
guilt,4.1300
guyot,2.0500
guiro,0.0000
guise,3.4700
gujar,1.4000
gulae,0.0000
gular,1.7300
gulas,0.0000
gulch,2.7800
gules,2.2100
gulfy,0.0000
gulfs,1.9800
gulix,0.0000
gulph,1.2300
gulpy,0.0000
gulps,2.3400
gumby,2.1900
gumbo,2.7000
gumly,0.0000
gunda,1.7400
gundi,0.0000
gundy,2.4800
gunja,1.2800
gunky,1.4200
gunks,0.0000
guran,1.3800
gurdy,2.0400
guric,0.0000
gurle,0.0000
gurly,0.0000
gursh,0.0000
gurts,0.0000
guser,0.0000
gushy,1.9600
gusla,0.0000
gusle,0.0000
gusty,2.5900
gusto,3.0000
gutsy,2.7300
gwely,0.0000
gwine,1.3700
habet,1.4800
habit,4.2400
hable,1.2500
habus,0.0000
hacek,0.0000
hacky,2.2200
hacks,3.4500
hades,3.2000
hadit,1.0700
hadji,2.2300
hadnt,2.3000
hadst,1.8400
haems,0.0000
haets,0.0000
hafis,0.0000
hafiz,2.7300
hafts,1.0200
hague,3.6500
haick,0.0000
haydn,2.8300
hayed,0.0000
hayer,1.3000
hayes,3.8700
haiks,0.0000
haiku,3.0800
haily,1.0300
hails,3.1300
haine,1.6800
hayne,2.5800
haire,1.9600
hairy,3.8000
hairs,3.7700
hajes,0.0000
hajib,1.0200
hajis,1.2100
hakes,1.2000
hakim,2.8400
haldu,0.0000
haled,1.3200
haler,1.2000
hales,2.8900
halfy,0.0000
halid,0.0000
halke,0.0000
halms,0.0000
halos,2.6500
halse,1.7500
halte,1.2800
halts,2.8600
halve,2.6000
halwe,0.0000
hamel,2.4700
hames,2.0600
hamli,0.0000
hamus,0.0000
hance,2.0400
handy,3.9700
hands,5.1600
hange,1.8900
hangs,3.7000
hanif,2.3600
hanky,2.3700
hanks,3.2200
hankt,0.0000
hanoi,3.3900
hanse,2.0800
hants,2.4100
haole,1.8400
haori,1.2700
haply,1.8400
harbi,1.3600
hardy,3.8600
hards,2.2600
hared,1.2600
harem,3.1300
hares,2.7900
harim,1.5000
harks,2.0700
harle,1.6200
harls,0.0000
harms,3.2900
harns,0.0000
harpy,2.5000
harps,2.5800
harst,0.0000
harts,2.2700
hasid,1.4700
hasky,0.0000
hasnt,3.0500
haste,3.3700
hasty,3.2900
hated,4.2000
hatel,0.0000
hater,3.1400
hates,4.1500
hauld,0.0000
haulm,0.0000
hauls,2.8400
hault,1.2900
haunt,3.5400
hause,1.8700
haust,0.0000
haute,3.2000
havel,2.4800
haven,4.1300
haver,2.2100
haves,2.9500
havoc,3.5000
hawed,1.5100
hawer,0.0000
hawky,0.0000
hawks,3.8900
hawok,0.0000
hawse,1.3600
hazed,2.0600
hazel,3.5400
hazen,2.4800
hazer,1.1300
hazes,1.5400
hazle,1.3800
hdqrs,0.0000
heady,2.9300
heads,4.6700
heald,2.3400
heals,3.3200
heapy,0.0000
heaps,3.3100
heard,5.2700
hears,3.7800
heart,5.3100
heats,3.4100
heavy,4.9600
heazy,0.0000
hecks,1.4700
hedgy,0.0000
hefty,3.3600
hefts,0.0000
heiau,1.5200
heild,0.0000
heily,0.0000
heils,0.0000
heinz,3.2200
heirs,3.5100
heist,3.3900
helas,1.0100
helco,0.0000
helio,2.3500
helix,3.2600
helms,2.8900
helot,1.3000
helps,4.7400
hemad,0.0000
hemal,1.1600
heman,1.9000
hemic,0.0000
hemin,1.3800
hemol,0.0000
hempy,0.0000
hemps,0.0000
henad,0.0000
hendy,2.1100
henry,4.7400
hents,0.0000
hepar,0.0000
herat,2.5500
herba,1.4000
herby,2.1100
herbs,3.6500
herds,3.2100
herls,0.0000
herma,1.4800
hermi,0.0000
hermo,0.0000
herms,1.6500
herns,0.0000
heron,3.0900
heros,2.8300
hertz,3.0600
hexad,0.0000
hexyl,1.4500
hexis,1.3100
hiant,0.0000
hiate,0.0000
hibla,0.0000
hybla,1.1400
hicky,1.3500
hicks,3.5700
hidel,0.0000
hider,2.1000
hides,3.6900
hydra,3.3100
hydro,3.6300
hield,2.0600
hiems,0.0000
hyena,2.8000
hienz,0.0000
hiera,1.1400
higra,0.0000
hying,0.0000
hijra,2.0700
hiked,2.9500
hiker,2.7800
hikes,3.3400
hilar,1.9100
hylas,1.7000
hilda,3.1300
hyleg,0.0000
hylic,0.0000
hilsa,1.2600
hilts,2.0500
hilum,1.6600
hilus,0.0000
hymen,2.5700
himne,0.0000
hymns,3.3400
hinau,0.0000
hynde,2.0800
hinds,2.8400
hindu,4.0000
hiney,1.6800
hinge,3.3200
hints,3.8500
hyoid,2.2500
hyped,3.5400
hiper,1.0600
hyper,3.6900
hypes,2.0900
hypos,1.5400
hiram,2.9500
hyrax,1.5600
hired,4.4100
hiren,1.3800
hires,3.4800
hirse,0.0000
hyrse,0.0000
hirst,2.8300
hyrst,0.0000
hyson,1.5300
hispa,0.0000
hived,1.6000
hiver,1.9300
hives,3.1200
hoagy,1.6200
hoard,3.2300
hoary,2.2900
hoars,0.0000
hoast,0.0000
hocky,0.0000
hocks,2.1000
hocus,2.5700
hodge,3.2700
hoers,0.0000
hogan,3.6300
hogen,1.2400
hogni,0.0000
hoick,1.1500
hoyle,2.6100
hoise,1.0300
hoist,3.1200
hokan,1.0600
hoked,0.0000
hokey,2.6200
hoker,0.0000
hokes,1.1700
hokum,2.0300
holds,4.6000
holed,3.0400
holey,2.1300
holer,1.2400
holes,4.3500
holia,0.0000
holks,0.0000
holms,1.5300
holts,1.9100
homed,2.2200
homey,2.7500
homer,3.8900
homes,4.6900
honda,3.9200
honed,3.0400
honey,4.3700
honer,1.4300
hones,2.2600
hongs,1.2000
honky,2.7900
honks,2.2300
hopak,0.0000
hoped,4.2800
hoper,1.5100
hopes,4.4000
hopis,1.4400
horae,1.4000
horal,0.0000
horas,2.0600
horde,3.2300
horim,0.0000
horla,0.0000
horme,0.0000
horny,3.7900
horns,3.8000
horse,4.7600
horsy,1.1200
horst,2.8500
hosea,2.5700
hosed,2.5300
hosel,1.1000
hosen,1.5300
hosta,1.7400
hotel,4.9500
hotly,2.9300
hoult,2.0700
hound,3.4300
houri,1.2100
hours,5.4000
house,5.7100
housy,0.0000
houve,0.0000
hovel,2.3100
hoven,1.7800
hover,3.2600
howdy,3.0800
howea,0.0000
howel,1.3900
howes,2.7200
howfs,0.0000
howks,0.0000
howls,2.7800
hsien,2.5700
hsuan,1.6900
huaco,0.0000
huari,1.0800
huave,0.0000
hucks,1.4500
huger,1.9900
huile,1.3700
hulas,1.0400
hulky,0.0000
hulks,2.3600
human,5.3500
humbo,0.0000
humet,0.0000
humic,2.3700
humid,3.5000
humin,1.2800
humit,0.0000
humor,4.1900
humpy,1.8100
humps,2.5600
hundi,1.3100
hunky,2.7200
hunks,2.5400
hunts,3.3500
hurds,0.0000
hurly,1.9900
hurls,2.3800
huron,3.1700
hurst,3.1000
hurty,1.6900
hurts,4.3000
husky,3.2900
hutia,0.0000
hutre,0.0000
yacht,3.8200
yacks,0.0000
yadim,0.0000
yager,2.0100
yagis,0.0000
yaird,0.0000
yakin,1.7100
yakut,1.7000
iambe,0.0000
iambs,1.2300
yamel,0.0000
yamen,1.7700
yameo,0.0000
yamph,0.0000
yamun,0.0000
yangs,1.7900
yanks,3.0300
ianus,1.0200
yapok,0.0000
yapon,0.0000
yaqui,2.1100
yards,4.5100
yarke,0.0000
yarns,2.9300
yarth,0.0000
yasht,0.0000
yauds,0.0000
yauld,0.0000
yaups,0.0000
yawed,1.0200
yawls,1.1200
yawns,2.6600
yawps,0.0000
ibota,0.0000
icasm,0.0000
ichor,1.7000
icker,0.0000
ickle,1.4100
yclad,0.0000
icons,3.7400
iconv,0.0000
ictus,1.4700
idaho,3.9100
idant,0.0000
idcue,0.0000
ideal,4.4400
idean,0.0000
ideas,4.8400
ident,2.4400
idest,0.0000
ideta,0.0000
idgah,0.0000
idyls,0.0000
idler,2.3000
idles,2.0100
idola,1.3700
idols,3.4900
idose,0.0000
idryl,0.0000
yeans,0.0000
yeard,1.2900
yearn,2.9700
years,5.9600
yeast,3.6700
yechs,0.0000
yelks,0.0000
yelps,2.0800
yenta,1.2100
yerba,2.3400
yerga,0.0000
yerks,0.0000
yerth,0.0000
yerva,0.0000
yetis,1.8700
yeuks,0.0000
yezdi,0.0000
ygapo,0.0000
igdyr,0.0000
ighly,0.0000
iglus,0.0000
ignaw,0.0000
ihlat,0.0000
ihram,1.5000
yield,4.1600
yikes,3.4400
yince,0.0000
yinst,0.0000
yipes,1.6200
yirds,0.0000
yirth,0.0000
ijore,0.0000
ikary,0.0000
ikona,0.0000
ikons,1.3100
ileac,0.0000
ylems,0.0000
ileon,0.0000
ileum,1.9600
ileus,1.6000
image,4.9400
imago,2.3300
imban,0.0000
imbat,0.0000
imbed,1.4400
imber,1.8200
imbue,2.4200
imcnt,0.0000
impar,1.1400
imped,0.0000
impel,2.3600
impen,0.0000
imper,1.1100
imply,3.8300
impot,0.0000
imput,1.4700
inact,0.0000
inapt,1.5800
inark,0.0000
inarm,0.0000
inbye,0.0000
inbow,0.0000
incas,2.5800
incle,0.0000
incog,1.3400
incor,1.0300
incra,1.2100
incur,3.3000
incus,1.6700
incut,0.0000
indef,1.0400
indew,0.0000
index,4.5700
indyl,0.0000
indol,1.3300
indow,0.0000
indra,2.8400
induc,0.0000
indue,1.0300
indus,3.0800
inept,3.1300
inerm,0.0000
inert,3.0900
infer,3.1600
infos,2.5300
infra,2.9000
ingem,0.0000
inger,2.3600
ingle,2.4000
inglu,0.0000
ingot,2.3800
inked,3.0800
inker,1.7000
inket,0.0000
inkle,1.3800
inkos,0.0000
inkra,0.0000
inlay,2.6800
inlaw,1.9600
inlet,3.4500
inmew,0.0000
inoma,0.0000
inorb,0.0000
inorg,0.0000
input,4.3500
inrol,0.0000
inrub,0.0000
insea,0.0000
insep,0.0000
inset,2.8500
insol,0.0000
instr,1.8000
insue,0.0000
intel,4.0700
inter,4.1600
intra,3.3200
intro,3.8100
intsv,0.0000
intue,0.0000
inula,1.1800
inure,1.9000
inust,0.0000
invar,1.2800
invoy,0.0000
yocks,0.0000
iodal,0.0000
yodel,2.3400
yodhs,0.0000
yodle,0.0000
yogas,1.9300
yoghs,0.0000
yogic,2.3000
yogin,1.3300
yogis,2.2800
yoick,0.0000
yojan,0.0000
yoked,2.3300
yokel,1.9100
yoker,1.3000
yokes,2.0700
yolks,2.8300
yomer,0.0000
yomin,0.0000
yomud,0.0000
yonic,0.0000
yonis,1.1400
yores,0.0000
iortn,0.0000
iotas,1.2700
young,5.4300
youre,3.8600
yourn,1.2500
yours,4.7500
yourt,0.0000
youse,2.2800
youth,4.7500
youve,3.1400
youze,0.0000
yoven,0.0000
iowan,2.0300
yowed,0.0000
yowes,0.0000
yowie,1.4700
yowls,1.2600
yquem,1.6300
irade,0.0000
irate,2.7800
irena,2.5700
ireos,0.0000
irfan,2.5700
irgun,1.9300
irked,2.7500
iroha,1.8400
irone,0.0000
irony,3.8600
irons,3.3200
irous,0.0000
irpex,0.0000
iseum,0.0000
islay,2.5100
islam,4.4200
isled,0.0000
islet,2.7600
islot,0.0000
ismal,0.0000
isnad,0.0000
isoln,0.0000
isort,0.0000
isthm,0.0000
istle,0.0000
italy,4.6600
itchy,3.3400
itcze,0.0000
itemy,0.0000
items,4.7800
iters,0.0000
ither,1.5900
yuans,1.2300
yuchi,1.4600
yucks,1.2500
yugas,1.3500
yukon,3.1900
yulan,1.2500
yules,0.0000
yuman,1.3900
yunca,0.0000
yupon,0.0000
yurak,0.0000
yurok,1.6500
yurta,0.0000
yurts,2.0000
ivory,3.8500
ivray,0.0000
ixora,1.1800
ixtle,0.0000
izard,1.9400
izars,0.0000
izote,0.0000
iztle,0.0000
jabot,1.3200
jabul,0.0000
jacht,0.0000
jacky,2.8200
jacko,2.2800
jacks,3.4100
jacob,4.2300
jades,2.0500
jager,2.5100
jagir,1.5300
jahve,0.0000
jails,3.2000
jaime,3.5400
jakey,1.9800
jakes,2.5100
jakob,3.0200
jakos,0.0000
jakun,0.0000
jalet,0.0000
jalop,0.0000
jalor,0.0000
jalur,0.0000
jambe,1.4000
jambo,2.0800
jambs,1.9300
james,5.1100
jamie,4.1700
janes,2.5500
janet,3.9600
janos,2.4400
janty,0.0000
jantu,0.0000
janus,3.0200
japed,0.0000
japer,0.0000
japes,1.6700
japyx,0.0000
jarde,0.0000
jared,3.7900
jarls,1.4400
jarmo,1.7100
jarvy,0.0000
jasey,0.0000
jason,4.4600
jaspe,0.0000
jatki,0.0000
jatni,0.0000
jatos,0.0000
jauks,0.0000
jaunt,2.6000
jaups,0.0000
javel,1.0900
javer,0.0000
jawed,2.5500
jazey,0.0000
jeany,0.0000
jeans,4.0900
jebat,1.2100
jebus,1.7000
jehad,1.5900
jehup,0.0000
jehus,0.0000
jelab,0.0000
jelib,0.0000
jerib,0.0000
jerid,0.0000
jerky,3.1000
jerks,3.2800
jeton,1.0600
jewis,0.0000
jewry,2.7400
jibed,1.3700
jiber,0.0000
jibes,2.1400
jiboa,0.0000
jihad,3.4900
jilts,1.0600
jimbo,2.7700
jimpy,0.0000
jingo,1.9800
jingu,1.6300
jinks,2.4200
jirga,2.1100
jitro,0.0000
jived,1.3400
jives,1.6800
jizya,2.0400
jocks,2.7700
jocum,0.0000
jodel,1.0800
joeys,1.9900
johan,3.2700
johns,3.8400
joyce,3.8600
joyed,1.5800
joins,4.0400
joint,4.7100
joist,2.2500
joked,3.2800
jokey,2.4300
joker,3.7400
jokes,4.3300
jokul,0.0000
joles,0.0000
jolty,0.0000
jolts,2.2900
jonah,3.5300
jonas,3.7400
jones,4.7300
joram,1.8100
jorge,3.5700
jorum,0.0000
josey,2.2700
joshi,2.7800
josie,3.1800
josip,2.2600
jotas,0.0000
joual,0.0000
jough,0.0000
jougs,0.0000
jouks,0.0000
joule,2.4400
journ,1.9500
jours,2.1900
joust,2.4700
jowar,1.5500
jowed,0.0000
jowel,0.0000
jower,0.0000
jowly,1.4600
jowls,2.0900
jowpy,0.0000
juang,1.1900
juans,1.6900
jubas,0.0000
jubes,0.0000
judah,3.4000
judas,3.3700
judex,1.4600
judge,4.9500
judos,0.0000
jufti,0.0000
jufts,0.0000
jugal,1.6500
juger,0.0000
juyas,0.0000
juice,4.3600
juicy,3.7000
juise,0.0000
juked,1.6800
jukes,2.3200
julep,2.2100
jules,3.6500
julia,4.1200
julid,0.0000
julie,4.0900
julio,3.4200
jumba,1.5800
jumby,0.0000
jumbo,3.3800
jumpy,2.6700
jumps,3.8600
junco,1.8800
jundy,0.0000
junky,2.4200
junks,2.1900
junta,3.3400
junto,1.8800
jupes,0.0000
jupon,0.0000
jural,1.1100
jurat,1.6000
jurel,0.0000
juris,2.7600
justo,2.2200
jutes,1.6200
jutic,0.0000
jutka,0.0000
juvia,1.7600
juxta,1.6700
kabel,1.9100
kadis,1.1600
kadmi,0.0000
kados,0.0000
kafir,2.2800
kafiz,0.0000
kagos,0.0000
kagus,0.0000
kaifs,0.0000
kails,0.0000
kaimo,0.0000
kains,1.0300
kayos,0.0000
kales,1.5300
kalif,1.4300
kalis,1.5100
kalon,1.6800
kamel,2.3500
kames,1.7400
kamis,1.3100
kande,0.0000
kaneh,0.0000
kanes,1.7300
kanji,3.0100
kanzu,0.0000
kaons,1.2800
kaphs,0.0000
kapur,2.3600
kaput,2.1300
karbi,1.2500
karch,1.5100
karel,2.6600
karen,4.0900
karez,1.0500
karns,1.7500
karos,1.0500
karou,1.0200
karst,2.5200
karts,2.6200
kaser,1.5900
kashi,2.5400
kathy,3.6700
katie,3.9600
katun,1.5900
kauch,0.0000
kauri,1.9400
kaury,0.0000
kaver,0.0000
keach,1.8900
kearn,1.0700
keats,2.9500
kebar,0.0000
kedar,2.0200
kedgy,0.0000
kefir,2.1300
kefti,0.0000
keirs,0.0000
keist,0.0000
keita,2.6900
keith,4.1700
keywd,0.0000
kelia,0.0000
kelpy,0.0000
kelps,1.1300
kelty,2.1300
kelts,0.0000
kemal,2.6500
kempy,0.0000
kemps,1.7600
kempt,1.7400
kenaf,1.3100
kenai,2.5500
kench,1.4600
kendy,1.0800
kendo,2.4900
kenya,4.1300
kenos,0.0000
keout,0.0000
kepis,0.0000
kerat,0.0000
kerbs,1.9900
kerch,2.0900
kerfs,0.0000
keryx,0.0000
kerns,2.2300
keros,1.0100
kesar,1.6100
ketal,1.0200
ketch,2.3500
ketyl,0.0000
ketol,0.0000
kevan,2.4000
kevil,0.0000
kevin,4.5600
kevyn,1.8300
khadi,2.2100
khair,2.2400
khami,0.0000
khans,2.6000
khasi,1.9200
khats,0.0000
kheda,1.3900
khila,0.0000
khmer,3.1600
khoja,1.5900
khond,0.0000
khuai,0.0000
khula,1.1900
khuzi,0.0000
khvat,0.0000
kiang,1.9900
kyang,0.0000
kyars,0.0000
kyats,1.4900
kibes,0.0000
kibla,0.0000
kiefs,0.0000
kiers,1.0600
kiyas,0.0000
kilah,0.0000
kilan,0.0000
kileh,0.0000
kiley,2.3600
kylie,3.5400
kylin,1.6000
kylix,1.2900
kilns,2.7100
kyloe,0.0000
kilom,0.0000
kilos,3.2500
kilty,1.7200
kilts,2.4200
kimbo,1.9300
kinah,0.0000
kinch,1.9200
kinds,4.5100
kines,1.3800
kings,4.4100
kingu,1.1500
kinos,1.1600
kinot,0.0000
kioea,0.0000
kiowa,2.4000
kirby,3.6500
kyrie,3.3100
kirns,0.0000
kirve,0.0000
kisan,2.2400
kishy,0.0000
kisra,0.0000
kiswa,0.0000
kitab,2.1300
kitan,1.3000
kitar,0.0000
kited,1.2300
kiter,1.1700
kites,2.9600
kytes,0.0000
kithe,0.0000
kythe,0.0000
kiths,0.0000
kyung,3.0800
kivas,1.5600
kiver,1.0600
klans,1.3300
klaus,3.5000
kleig,0.0000
klieg,1.4300
kling,2.2100
klino,0.0000
klong,1.8300
klops,0.0000
klosh,0.0000
klutz,2.1200
kmole,0.0000
knape,1.1200
knaps,0.0000
knarl,0.0000
knars,0.0000
knave,2.5000
knead,2.5700
knelt,2.8000
knezi,0.0000
kniaz,0.0000
knyaz,1.4500
knife,4.4100
knish,1.6300
knits,2.6000
knive,1.2800
knobs,3.0200
knoit,0.0000
knops,1.3000
knosp,0.0000
knots,3.6300
knout,1.1200
knowe,1.6800
knows,5.0700
knurl,1.2100
knurs,0.0000
knute,2.0700
knuth,2.0600
koali,0.0000
koans,1.6200
koban,1.3900
kobus,1.6400
koels,0.0000
koeri,0.0000
kofta,1.6800
kogai,0.0000
kogia,0.0000
kohen,1.7900
kohls,2.2500
kohua,0.0000
koyan,0.0000
koila,0.0000
koine,1.9000
kolas,1.1000
kolea,0.0000
kolis,1.0900
kombu,1.7300
konde,0.0000
kongu,1.4100
konia,1.0900
kopec,1.1900
kophs,0.0000
kopis,0.0000
kopje,1.5200
korah,1.9400
korai,1.0700
koran,3.2300
korea,4.6500
korec,0.0000
korin,1.7500
korma,1.9100
korun,0.0000
korwa,1.1200
kosha,1.3700
kosin,0.0000
kotal,1.7700
kotar,0.0000
kouza,0.0000
kovil,1.0600
kraft,3.3800
krait,1.8500
krang,1.9300
krans,1.3800
kraut,2.3800
krebs,2.8100
kreil,0.0000
kreis,2.1300
krems,1.4700
kreng,0.0000
krepi,0.0000
krina,0.0000
krivu,0.0000
krome,1.5400
krona,2.2200
krone,2.4300
krosa,0.0000
krubi,0.0000
kudos,3.4500
kufic,1.3900
kugel,2.0500
kulah,0.0000
kulan,1.0300
kuman,1.3600
kumbi,0.0000
kumis,1.0300
kumys,0.0000
kumni,0.0000
kunai,1.8000
kunbi,1.0900
kurmi,1.0500
kurta,2.2100
kusam,0.0000
kusan,0.0000
kusha,1.3100
kusti,0.0000
kutch,2.1900
kvint,0.0000
kwela,0.0000
labis,0.0000
labor,4.7700
laced,3.2900
lacey,3.2700
lacer,1.1200
laces,3.1200
lacet,0.0000
lache,1.4200
lacis,0.0000
lacks,3.8900
lacto,1.9700
laden,3.7400
lader,1.5400
lades,1.3800
ladik,0.0000
ladin,1.9700
laeti,0.0000
laevo,0.0000
lagen,1.0400
lager,3.1600
laich,1.7100
laics,0.0000
layed,2.4600
layer,4.4000
laigh,1.4300
laine,2.7400
layne,2.6200
laird,3.1600
lairy,1.4500
lairs,2.1500
laith,1.9600
laity,2.7600
layup,2.9300
laius,1.7500
laked,0.0000
lakey,1.8100
laker,2.8400
lakes,4.1400
lakhs,3.0800
lakie,0.0000
lakin,2.1200
lamby,1.4500
lambs,3.2300
lamed,1.7000
lamer,2.1700
lames,2.0900
lamin,2.0800
lampf,0.0000
lamps,3.7300
lamus,0.0000
lamut,0.0000
lance,3.9400
lanch,0.0000
lande,2.1600
lands,4.3700
laney,2.5700
lanes,3.9700
langi,1.5300
lango,1.6000
lanky,2.7300
lanum,0.0000
lapin,2.0000
lapis,2.7800
lapon,0.0000
lapse,3.4900
lapsi,0.0000
larch,2.5500
lardy,1.8400
lards,1.0900
lares,1.9300
large,5.3900
largy,0.0000
largo,2.9900
larid,0.0000
larin,1.7900
larix,1.6800
larky,1.1200
larks,2.4400
laron,1.8400
larum,1.0500
larus,1.8100
larve,1.0600
lased,0.0000
laser,4.2000
lasty,0.0000
latch,3.3400
lated,1.6200
laten,1.2600
later,5.4900
latex,3.4000
lathe,2.9100
lathi,1.8200
lathy,0.0000
laths,1.3200
latin,4.4800
latke,1.4400
laton,1.2400
latro,1.1400
latus,1.6800
laude,2.9900
lauds,2.5000
laugh,4.6600
laund,1.1700
laure,2.3900
laury,1.7100
laved,0.0000
laver,2.5600
laves,1.4200
lavic,0.0000
lawed,0.0000
lawks,0.0000
lawny,0.0000
lawns,3.2100
lawzy,0.0000
laxer,1.6800
lazed,1.3200
lazes,1.0200
leach,3.2500
leady,0.0000
leads,4.6500
leafy,3.3000
leafs,3.5600
leaky,3.0600
leaks,3.8800
leany,0.0000
leans,3.2700
leant,2.4300
leaps,3.3600
leapt,3.0500
leary,2.8600
learn,5.1700
lears,1.4400
leash,3.4700
least,5.4400
leath,1.7600
leavy,1.9500
leban,1.0600
ledgy,0.0000
ledum,1.1700
lefty,3.2500
lefts,2.4000
legis,1.8600
legit,4.0100
legoa,0.0000
legua,0.0000
lehay,0.0000
lehrs,0.0000
lehua,1.4600
leigh,3.7500
leith,3.0400
lekha,1.3700
leman,2.3100
lemna,1.3900
lemon,4.1000
lemur,2.5700
lenad,0.0000
lenca,1.1700
lench,1.2800
lends,3.3600
lendu,1.1800
lenis,1.4500
lenos,0.0000
lenth,1.2200
lento,2.1200
leora,1.7300
lepas,1.6500
lepid,0.0000
lepra,1.3700
lepry,0.0000
lepta,0.0000
lepus,1.7300
lerot,0.0000
lerwa,0.0000
lesgh,0.0000
lesya,1.4200
lesiy,0.0000
letch,1.6300
lethy,0.0000
letup,1.4900
leuch,0.0000
leuco,1.5700
leuds,0.0000
leuma,0.0000
leung,3.0900
levin,3.4100
levir,0.0000
levis,2.6000
lewis,4.4800
lewth,0.0000
lewty,0.0000
lexia,1.3500
lexic,0.0000
lexis,2.4500
lhota,1.9400
liane,2.2400
liang,3.1300
liard,1.6300
lyard,0.0000
liars,3.4600
lyart,0.0000
lyase,1.9400
liber,2.8200
libya,3.8200
libra,2.9300
libre,2.8600
lycea,0.0000
licet,1.2000
licht,2.3200
lycid,0.0000
licks,3.1000
lycus,1.5700
lidar,2.6500
lydia,3.5900
lidos,1.3700
liens,2.6700
liers,1.6300
liesh,0.0000
liest,1.7200
lieus,0.0000
lieut,2.5700
lifey,0.0000
lifen,0.0000
lifer,2.4600
lifts,3.7600
ligan,0.0000
ligas,1.2700
liger,2.2300
light,5.3300
ligne,2.3900
lygus,1.3100
lying,4.6700
liked,4.7600
liken,2.5700
lyken,0.0000
liker,1.7700
likes,4.7300
liman,2.1500
limas,1.4400
limax,1.2300
limba,1.4600
limby,0.0000
limbo,3.3100
limbs,3.7400
limbu,1.4000
limed,1.4600
limey,2.1300
limen,1.2500
limer,0.0000
limes,2.8500
limns,0.0000
limos,2.4400
lymph,3.2000
limpy,1.4200
limps,2.2200
limsy,0.0000
linac,1.8300
linch,1.4100
lynch,3.9400
linda,4.0600
lindy,2.8400
lindo,2.5100
linea,2.3700
lined,4.0800
liney,1.1400
liner,3.7500
lines,4.9500
linet,1.3800
linga,2.1300
linge,1.7600
lingy,0.0000
lingo,3.0100
lings,2.0600
linha,0.0000
linja,0.0000
linje,0.0000
linky,2.4600
links,4.7200
linos,1.3800
linty,1.1300
lints,1.0500
linum,1.6600
linus,3.0600
lions,4.1800
lipan,1.4400
lipse,0.0000
liras,1.8300
lyres,1.5700
lyric,3.6300
lyrid,0.0000
lirot,0.0000
lysed,1.8200
lysin,1.0100
listy,1.6200
liszt,2.6800
litas,1.4400
litch,1.5300
liter,3.4600
lites,2.2500
lithe,2.4800
lythe,1.3100
lithy,0.0000
litho,2.1300
lytic,2.0400
litra,0.0000
litre,3.5000
litus,0.0000
lived,4.8800
liven,2.6300
liver,4.1800
lives,5.1400
livor,1.1300
livre,2.4300
liwan,1.1700
loach,2.4400
loads,4.2200
loafs,1.7400
loamy,2.2200
loams,1.6200
loans,4.5100
loath,2.6700
loave,0.0000
lobar,1.5900
lobed,2.5800
lobes,3.1400
lobus,0.0000
loche,1.2900
lochi,0.0000
lochy,1.2500
lochs,2.3000
locky,1.8300
locks,3.9400
locum,2.5900
locus,3.1800
loden,1.6400
lodes,1.6700
lodge,4.0800
lodha,1.9300
lodur,0.0000
lofty,3.3400
lofts,2.6400
logan,4.0400
loges,1.2700
logia,1.8400
logic,4.3600
logie,2.5900
login,3.4900
logis,1.5800
lohan,3.0100
lohar,1.2500
loins,2.7100
loket,0.0000
lomta,0.0000
loner,3.0700
longa,2.1300
longe,2.0500
longs,3.0200
loped,1.4700
loper,1.7900
lopes,2.6500
loran,2.2400
lordy,2.5200
lords,4.0800
lored,1.0400
loren,3.0400
lores,2.0700
loric,0.0000
loris,2.3300
lorum,0.0000
loser,4.0100
lotah,0.0000
lotan,1.7000
lotas,0.0000
lotic,1.2500
lotus,3.6200
louch,1.3800
louey,0.0000
lough,2.8400
louie,3.3800
louis,4.8200
loupe,2.0500
loups,1.2300
lourd,1.6400
loury,1.4500
lours,0.0000
louse,2.6000
lousy,3.3100
louty,0.0000
louts,2.0600
lovat,2.1600
loved,5.0000
lovey,2.7500
lover,4.2600
loves,4.6600
lowan,1.4500
lowed,1.4900
lower,5.1100
lowes,2.6900
lowry,3.3500
lowse,0.0000
lowth,1.4000
loxed,0.0000
loxes,0.0000
loxia,1.3500
loxic,0.0000
lubes,1.9700
lubra,0.0000
lucan,2.6400
luces,1.4400
lucet,0.0000
lucia,3.4500
lucid,3.2700
lucky,4.7700
lucks,1.9400
lucre,2.0200
luger,2.6200
luges,0.0000
luian,0.0000
luite,0.0000
lukan,1.4800
lukas,3.2300
luket,0.0000
lumen,3.0900
lumpy,2.8400
lumps,3.1900
lunar,3.7700
lunas,1.9300
lunch,4.6600
lunda,1.5700
lunes,1.6800
lunet,0.0000
lunge,2.8500
lungi,1.9300
lungy,0.0000
lungs,3.9700
lunka,0.0000
lunks,0.0000
lunts,1.2500
lupid,0.0000
lupin,2.8600
lupis,1.1500
lurch,2.7900
lured,3.2600
lures,2.9400
lurid,2.7300
lurky,1.0200
lurks,2.8200
luser,0.0000
lushy,0.0000
lusky,0.0000
lusty,2.8000
lutao,0.0000
lutea,2.0600
luted,0.0000
luteo,0.0000
luter,1.0400
lutes,2.0100
lutra,1.4600
luxes,0.0000
mabel,3.2500
maced,1.8600
macer,1.8000
maces,2.0100
machi,2.5100
macho,3.2600
machs,1.1800
macks,1.7400
macle,0.0000
macon,3.1300
macro,3.7100
madge,2.8700
madly,3.1700
madoc,2.0200
madre,2.8800
mafey,0.0000
mafic,2.1900
mages,2.6300
maghi,0.0000
magic,4.7600
magot,0.0000
magus,2.6100
mahdi,2.8300
mahoe,0.0000
mahri,0.0000
maybe,5.4500
maidy,0.0000
maids,3.2500
maidu,1.5200
mayed,0.0000
mayer,3.5900
maile,1.9100
mails,3.6200
maine,4.1600
mains,3.4500
maint,2.2000
maynt,0.0000
mayor,4.6200
maire,2.2800
mairs,1.3900
maist,0.0000
mayst,1.6100
maius,1.3000
maize,3.3400
major,5.3000
majos,0.0000
maker,4.2300
makes,5.4600
makos,1.5800
maleo,0.0000
males,4.2100
malgr,0.0000
malic,2.1400
malie,1.2800
malik,3.6200
malty,2.0800
malto,1.3400
malts,2.3600
malus,2.1900
mande,1.8800
mandi,2.6800
mands,1.3500
maned,1.9400
maneh,1.1900
manei,0.0000
maney,1.7700
manes,2.4300
manet,2.5300
mange,2.5000
mangi,1.5100
mangy,2.1000
mango,3.5600
manic,3.3200
manid,0.0000
manie,1.6000
manis,2.2300
manit,1.2600
maniu,0.0000
manky,1.8900
manks,0.0000
manly,3.6600
manoc,0.0000
manor,3.8100
manos,2.3300
manqu,0.0000
manse,2.4600
manso,1.7200
manty,1.0100
manto,1.9900
manuf,1.4900
manul,0.0000
manus,2.8800
maori,3.2400
maple,3.8600
maqui,1.1400
march,5.2600
marci,2.3700
marco,3.9200
marcs,1.3800
mardi,3.1400
mardy,2.1000
marek,2.8200
mares,2.9900
marge,3.0800
marid,1.2900
marie,4.1900
mario,4.2300
maris,2.9600
marys,2.8900
marko,2.9500
marks,4.4900
marli,1.4900
marly,2.2900
marls,1.8700
marok,0.0000
maros,1.5600
marse,1.4600
marsh,3.8700
marsi,1.3100
marty,3.6400
marts,2.2700
martu,1.5000
marvy,1.3100
maser,2.1200
mashy,1.1200
mason,4.1400
masty,0.0000
match,5.1300
mated,2.9200
matey,2.5000
mater,3.4700
mates,3.9900
mathe,1.5600
maths,3.7500
matie,1.1800
matin,2.2900
matlo,0.0000
matsu,2.1600
matzo,2.2000
mauby,0.0000
maugh,0.0000
mauls,2.0300
maund,1.6400
mauri,1.9900
mauts,0.0000
mauve,2.7100
maven,2.8800
mavie,0.0000
mavin,1.6600
mavis,2.8700
mawed,0.0000
mawky,0.0000
mawks,0.0000
maxis,2.3900
mazed,1.0800
mazel,2.2200
mazer,1.9600
mazes,2.6900
mazic,0.0000
mazur,2.3200
mazut,0.0000
mbira,1.5000
mbori,0.0000
mckay,3.5000
meach,0.0000
meads,2.3200
mealy,2.4000
meals,4.1900
meany,2.3100
means,5.4400
meant,4.9400
meath,2.5700
meaty,3.0100
meats,3.4800
meaul,0.0000
mebos,0.0000
mecon,0.0000
medal,4.3900
media,5.3000
medic,3.4200
medio,2.3300
medoc,1.6700
meiny,0.0000
meith,0.0000
melas,1.9400
melba,2.4600
melch,0.0000
melds,2.1800
melia,2.2600
melic,1.0300
melis,1.7800
melon,3.3200
melos,1.9200
melts,3.4100
menad,0.0000
menat,1.3000
mendi,1.5400
mendy,2.2200
mends,2.1000
menic,0.0000
menow,0.0000
mensa,2.6600
mensk,0.0000
menta,1.8200
menus,3.4400
meows,2.3700
merak,1.4900
merat,0.0000
merch,3.2200
merci,2.7800
mercy,4.2500
mergh,0.0000
meril,1.3800
merit,4.0800
merks,1.5700
merls,0.0000
merop,0.0000
meros,1.0400
mesad,0.0000
mesal,0.0000
meshy,0.0000
mesic,1.9600
meson,2.1400
mesua,0.0000
metad,0.0000
metal,4.8200
metas,2.0500
metho,1.3100
meths,1.4300
metic,1.1500
metif,0.0000
metin,2.0400
metis,2.3300
metol,0.0000
metra,2.2800
metro,4.1800
metus,1.3900
meuni,0.0000
mewls,0.0000
miaou,1.0800
miaow,1.8300
miaul,0.0000
miauw,0.0000
micah,3.1300
micas,1.5100
miche,1.7900
micht,0.0000
micky,2.9100
micks,1.6600
mycol,0.0000
micra,2.1300
micro,4.0800
midas,2.9700
mider,0.0000
midge,2.7600
midgy,0.0000
midst,3.8900
miens,0.0000
might,5.6600
miked,1.7700
mikey,3.3500
mikes,2.6100
mikra,0.0000
milan,4.0500
mylar,2.3700
milch,2.1600
miler,2.5400
miles,5.0000
milha,0.0000
milky,3.5000
milko,1.4700
milks,2.5500
milor,0.0000
milos,2.8000
milpa,1.4700
milty,1.0900
milts,0.0000
minae,1.3800
minah,1.5300
mynah,1.6400
minar,1.9700
minas,2.8400
mynas,0.0000
minbu,0.0000
mince,3.0200
mincy,1.2400
minds,4.4500
mined,3.4100
miner,3.5800
mines,4.1800
minge,1.9600
mingy,1.1000
mingo,2.4800
minks,2.1300
minor,4.6200
minos,2.3900
minot,2.5800
minow,1.7500
minty,2.6900
mints,3.0200
minus,4.0000
myoid,0.0000
myope,0.0000
myops,0.0000
miqra,0.0000
mirac,0.0000
mirak,0.0000
mired,2.8100
mires,1.8000
mirex,1.1100
mirky,0.0000
mirks,0.0000
mirly,0.0000
myron,2.8800
mirth,2.6200
mirvs,1.2900
mirza,2.8900
misce,0.0000
misdo,0.0000
mysel,1.5700
miser,2.5600
misgo,0.0000
mysid,1.0900
misky,0.0000
misly,0.0000
misty,3.3900
mitch,3.9100
miter,2.3900
mites,3.0600
myths,3.7500
mitra,2.6500
mitre,2.6300
mitua,0.0000
mixed,4.6400
mixen,0.0000
mixer,3.5000
mixes,3.5200
mixup,2.1600
mizar,1.5000
mizen,1.7800
mnage,0.0000
moans,3.1300
moats,2.2500
mobed,0.0000
mobil,2.9900
moble,1.0700
mocha,2.9800
moche,2.0900
mochy,0.0000
mocks,3.0400
modal,3.1300
model,5.1300
moder,1.9300
modes,3.9600
modge,0.0000
modif,0.0000
modus,2.9300
moeck,0.0000
mogul,3.0700
mohar,1.1100
mohel,1.6300
mohur,0.0000
mohwa,0.0000
moyen,2.1300
moier,0.0000
moile,0.0000
moyle,2.0800
moils,0.0000
moira,3.1300
moire,1.9900
moise,2.1600
moist,3.6900
moity,0.0000
mokes,1.0900
molar,2.9900
molas,1.4800
moldy,2.6900
molds,3.1200
moler,1.4500
moles,3.0700
molet,0.0000
molge,0.0000
molka,0.0000
molpe,0.0000
molts,1.7000
molvi,1.4300
monad,2.3500
monal,1.2700
monas,1.6400
monax,1.1700
monde,3.0400
money,5.6400
monel,1.7600
moner,1.5700
monic,1.5400
monie,1.8100
monks,3.7200
monte,3.6900
month,5.2500
monty,3.5500
montu,1.5800
mopan,0.0000
moped,2.7800
mopey,2.0800
moper,0.0000
mopes,1.6200
mopla,0.0000
mopsy,1.3600
mopus,0.0000
moqui,0.0000
morae,1.1100
moray,3.0200
moral,4.4600
moran,3.4100
moras,1.5600
morat,1.3800
mordu,0.0000
mordv,0.0000
morel,2.6200
mores,2.8200
morga,1.2700
moric,0.0000
morin,2.6500
morne,2.2900
morns,1.2400
morph,3.0700
morse,3.5200
morth,0.0000
morts,1.8100
morus,1.7300
mosan,0.0000
mosey,2.1800
mosel,1.9200
mosgu,0.0000
moste,1.2400
mosul,3.2700
mosur,0.0000
moted,0.0000
motey,0.0000
motel,3.6100
moter,1.1500
motes,2.3800
mothy,0.0000
moths,3.2100
motif,3.4000
mouch,1.3100
moudy,0.0000
moues,0.0000
mould,3.4500
moule,1.8700
mouly,1.1500
mouls,0.0000
moult,2.2500
mound,3.6000
mount,4.4700
mourn,3.4300
mouse,4.3100
mousy,2.0100
mouth,4.8300
moved,5.0100
mover,3.2100
moves,4.5900
movie,5.1600
mowch,0.0000
mowed,2.7700
mower,3.1000
mowha,0.0000
mowie,0.0000
mowra,0.0000
mowse,0.0000
mowth,0.0000
moxas,0.0000
moxie,2.5500
mpret,0.0000
msink,0.0000
mster,0.0000
mtier,0.0000
muang,2.0600
mucid,0.0000
mucin,2.0300
mucky,2.2900
mucks,1.7700
mucor,1.4400
mucro,0.0000
mudar,1.1400
mudir,0.0000
mudra,2.2300
mufti,2.8600
mufty,0.0000
mugho,0.0000
mugil,1.1600
muhly,1.6800
muist,0.0000
mujik,0.0000
mukri,0.0000
mukti,2.0500
mulch,2.9000
mulct,0.0000
muled,0.0000
muley,1.7500
mules,3.1100
mulet,1.1600
mulga,1.6900
mulse,0.0000
multi,4.5400
multo,1.1000
munch,3.0800
munda,2.0600
munga,1.3700
munge,1.0400
mungy,0.0000
mungo,2.4400
munia,1.1400
munic,1.0600
muntz,2.0900
muong,1.3900
muons,1.9700
mural,3.4900
muran,1.1300
muras,0.0000
murat,2.7100
mured,0.0000
mures,1.5200
murex,1.8800
murga,1.3200
murid,1.6500
murky,3.1200
murks,1.0900
murly,0.0000
murph,2.4300
murva,0.0000
murza,1.3700
musal,0.0000
musar,1.0900
musca,1.7600
musci,1.1100
mused,2.6700
muser,1.3600
muset,0.0000
musha,1.7600
mushy,2.9400
music,5.5200
musie,0.0000
musit,0.0000
musky,2.4300
musth,1.4600
musty,2.8300
mutch,2.1800
muted,3.4200
muter,1.3700
mutes,2.4500
mutic,0.0000
nabis,1.5100
nable,1.6600
nache,0.0000
nacho,3.0200
nacre,1.6800
nacry,0.0000
nadir,2.8600
naevi,0.0000
nagel,2.6400
naght,0.0000
nagor,0.0000
nahor,1.3800
nahum,2.3300
naifs,0.0000
naily,0.0000
nails,4.0400
nairy,0.0000
naish,1.7600
naive,3.7500
naked,4.4300
naker,0.0000
nakir,0.0000
naled,1.1400
nambe,1.1700
namby,1.8700
named,4.9500
namer,1.6800
names,4.9100
naomi,3.6500
napes,1.4300
narco,2.5700
narcs,1.9400
nards,1.4000
nardu,0.0000
nares,2.1200
naric,0.0000
naris,1.3200
narky,1.3000
narks,1.3000
nasch,0.0000
nasty,4.2200
natch,2.1500
nates,1.8300
nathe,0.0000
natus,1.8500
nauch,0.0000
naumk,0.0000
navel,2.9500
naves,1.8500
navet,0.0000
navew,0.0000
navig,0.0000
navis,1.7000
nawle,0.0000
nawob,0.0000
nazim,2.1800
nazir,2.5600
nazis,3.9400
neaps,0.0000
nears,2.8800
neath,2.8400
neats,1.0300
necia,0.0000
necks,3.4000
necro,2.2400
nefas,0.0000
negro,3.7300
negus,2.2600
nehru,3.2000
neifs,0.0000
neigh,2.4900
neist,1.1000
nejdi,0.0000
nemas,0.0000
nemos,1.1000
neoza,0.0000
nepal,3.8300
nepit,0.0000
neral,1.4600
nerds,3.3600
nerdy,3.1700
nerka,1.1200
nerol,0.0000
nerts,0.0000
nertz,0.0000
nervy,2.2500
nesty,1.3900
netop,0.0000
neuma,0.0000
neums,0.0000
nevat,0.0000
nevoy,0.0000
nevus,1.9400
newar,1.4800
newly,4.4200
newsy,1.9200
newts,2.2100
nexal,0.0000
nexum,0.0000
nexus,3.6500
ngaio,1.4700
ngapi,0.0000
ngoma,1.5700
nicer,3.6500
niche,3.8500
nicht,2.8700
nicky,3.5000
nicks,3.0700
nicol,2.7800
nidal,2.0600
nides,0.0000
nidge,0.0000
nydia,1.7800
nidor,0.0000
nidus,1.8100
niels,2.7000
niepa,0.0000
nifle,0.0000
nifty,3.1700
nigel,3.7700
nighs,0.0000
night,5.6100
nigre,0.0000
nigua,0.0000
nihal,2.0700
nikau,0.0000
nilot,0.0000
nymil,0.0000
nymph,2.8700
niobe,2.1900
niota,0.0000
nipas,0.0000
nirls,0.0000
nitch,1.2400
niter,1.4500
nitos,0.0000
nitre,1.5100
nitro,3.2300
nival,1.1700
nixed,2.2800
nixer,0.0000
nixes,1.6900
nyxis,0.0000
nizam,2.5500
nizey,0.0000
njave,0.0000
nobel,3.8400
nobis,2.3800
noble,4.2400
nobly,2.3900
nobut,0.0000
nocht,1.1900
nocks,1.2500
nodal,2.5500
nodes,3.7800
nodus,1.2900
noels,1.4300
noemi,1.9900
nogai,1.1300
nogal,1.3600
nohex,0.0000
noyau,0.0000
noily,0.0000
noils,0.0000
noire,2.7000
noise,4.5500
noisy,3.6700
nokta,0.0000
nomad,3.0700
nomap,0.0000
nomas,1.2700
nomes,1.6100
nomic,1.2200
nopal,1.6700
norah,2.8000
noria,1.5600
noric,0.0000
norie,1.2200
norit,0.0000
norma,3.3300
norms,3.7600
norse,3.2300
norsk,2.3300
north,5.3400
nosed,3.1400
nosey,2.5500
noser,1.5900
nosig,0.0000
notal,0.0000
notch,3.7800
noted,4.6900
noter,1.2700
notes,4.8400
notre,3.6700
notum,1.1700
notus,1.2900
nould,0.0000
novae,2.0300
novas,2.1000
novel,4.6300
novem,1.6900
novum,2.0500
novus,2.4500
noway,1.9100
nowch,0.0000
nowed,0.0000
nowel,0.0000
nowts,0.0000
noxal,0.0000
nubia,2.4500
nucal,0.0000
nucha,0.0000
nuder,0.0000
nudes,3.2400
nudge,3.2200
nudie,2.2200
nudzh,0.0000
nugae,0.0000
nukes,3.1400
numac,0.0000
numbs,2.0900
numda,0.0000
numis,1.4100
numps,0.0000
nurly,0.0000
nurls,0.0000
nurse,4.4000
nursy,0.0000
nutsy,1.1800
oaken,1.9400
oakum,1.5100
oared,1.5900
oaric,0.0000
oaten,1.5500
oater,0.0000
oaths,2.9100
oaves,0.0000
obeah,1.8100
obeys,2.6700
obeli,0.0000
obias,0.0000
obits,2.0500
objet,2.0300
oblat,0.0000
obley,0.0000
obmit,0.0000
ocean,4.7000
ocher,2.0400
ochna,0.0000
ochre,2.6900
ochry,0.0000
ocyte,0.0000
ocker,1.7600
ocque,0.0000
ocrea,0.0000
octad,0.0000
octal,2.1300
octan,1.0800
octyl,1.5000
ocuby,0.0000
oculi,1.7300
odeum,1.0700
odyle,0.0000
odyls,0.0000
odist,0.0000
odium,2.0000
oecus,0.0000
ofays,0.0000
often,5.4100
ofter,1.4900
oftly,0.0000
ogams,0.0000
ogham,1.5600
oghuz,1.1300
ogive,1.6200
ogled,1.8800
ogler,0.0000
ogles,1.4700
ogmic,0.0000
ogres,2.4900
ohare,1.2900
ohias,0.0000
ohing,0.0000
ohmic,1.9100
oicks,0.0000
oyers,0.0000
oiled,3.1000
oiler,2.3600
oylet,0.0000
oinks,1.0500
okays,1.7000
okapi,1.8500
okehs,0.0000
okras,0.0000
okrug,1.4500
olcha,0.0000
olchi,0.0000
olden,2.8400
older,4.9200
oldie,2.6500
oleic,2.1900
olein,1.0500
olena,1.9700
olent,0.0000
olepy,0.0000
oleum,1.7500
oliva,2.3700
olive,4.0900
olpae,0.0000
olpes,0.0000
omani,2.4100
omber,0.0000
ombre,2.5900
omega,3.7800
omens,2.7700
omers,1.5600
omina,0.0000
omits,2.7100
omlah,0.0000
omnes,2.0300
omrah,0.0000
oncer,0.0000
onces,1.5000
oncet,0.0000
oncia,0.0000
onery,0.0000
onium,1.0700
onker,0.0000
onlay,1.2700
onlap,0.0000
onset,3.7200
ontal,0.0000
ontic,1.3000
opahs,0.0000
opals,2.3400
opelu,0.0000
opens,4.4300
opera,4.2700
ophic,0.0000
ophir,2.3400
ophis,0.0000
opine,2.3000
oping,1.3100
opium,3.4600
opsin,1.5800
opted,3.7500
optic,3.6500
orach,1.1500
oracy,1.0900
orage,1.4800
orale,1.5700
orals,1.6900
orang,2.6900
orans,0.0000
orant,0.0000
orate,1.4900
orbed,1.3900
orbic,0.0000
orbit,4.0300
orcas,2.7400
orcin,0.0000
oread,1.3000
oreas,1.0700
orgal,0.0000
organ,4.1400
orgia,0.0000
orgic,0.0000
orgue,1.1700
orias,1.1100
oriel,2.4900
oriya,1.9800
oryza,1.8300
orkey,0.0000
orles,0.0000
orlet,0.0000
ornes,0.0000
ornis,0.0000
orpin,0.0000
orpit,0.0000
orsel,0.0000
ortyx,0.0000
orvet,0.0000
osage,2.9300
oscan,1.4600
oscar,4.3100
oscin,0.0000
osela,0.0000
oshac,0.0000
oshea,1.2200
oside,0.0000
osier,1.5400
oskar,2.9700
osmic,0.0000
osmin,0.0000
ostia,2.3000
ostic,0.0000
otary,0.0000
other,6.1600
othin,0.0000
otyak,0.0000
otium,1.3900
ouabe,0.0000
ought,4.3500
ouija,2.7400
oukia,0.0000
oulap,0.0000
ounce,3.8000
oundy,0.0000
ounds,0.0000
ouphe,0.0000
ouphs,0.0000
ourie,0.0000
ousel,0.0000
ousia,1.4100
outas,0.0000
outby,0.0000
outed,2.9100
outen,1.8400
outer,4.2500
outly,0.0000
outre,1.9100
ouvre,1.5200
ouzel,1.4600
ovals,2.4700
ovant,0.0000
ovary,2.9400
ovate,2.5800
ovens,3.2200
overs,3.5600
overt,3.3100
ovest,0.0000
ovile,0.0000
ovine,1.6800
ovism,0.0000
ovist,0.0000
ovula,0.0000
ovule,1.7600
owght,0.0000
owing,3.7300
owler,2.1400
owlet,1.8300
owned,4.7600
owner,4.8300
owsen,0.0000
owser,0.0000
oxane,0.0000
oxfly,0.0000
oxide,3.6600
oxids,0.0000
oxime,1.6600
oxims,0.0000
oxlip,0.0000
oxman,1.7100
oxter,0.0000
ozark,2.7300
ozena,0.0000
ozias,1.3400
pablo,3.8000
paced,3.5600
pacer,2.7100
paces,3.1700
pacht,0.0000
packs,3.9400
pacos,1.2500
pacts,2.6100
padge,0.0000
padle,0.0000
padou,0.0000
padre,3.1100
padri,1.2100
padus,1.0200
paeon,1.0900
paged,2.4500
pager,2.6300
pages,4.6200
pagne,0.0000
pagod,0.0000
pagus,1.0200
pahmi,0.0000
pahos,0.0000
payed,2.9500
payen,1.7200
payer,3.2200
paiks,0.0000
pails,2.1500
paine,3.1700
payni,0.0000
pains,3.8400
paint,4.5200
payor,1.8300
pairs,4.1100
pairt,0.0000
paise,2.2400
palch,0.0000
paled,2.2800
paler,2.8700
pales,2.7300
palet,1.4000
palew,0.0000
palis,1.3400
palki,0.0000
palmy,1.6000
palmo,1.3100
palms,3.5500
palsy,3.2000
palus,1.3700
pamhy,0.0000
pamir,1.9800
pandy,1.8300
paned,1.9600
panel,4.5500
panes,2.8900
pangi,0.0000
pangs,2.6000
panic,4.2600
panos,2.2700
panse,0.0000
pansy,2.7700
panty,2.9700
panto,2.4000
pants,4.4800
panus,0.0000
paque,0.0000
parch,1.4500
parde,0.0000
pardi,1.8800
pardy,1.8400
pardo,2.5100
pards,1.3400
pared,2.7500
parel,1.9000
paren,1.6300
pares,2.1700
pareu,0.0000
parge,0.0000
pargo,1.4900
paris,4.8200
parky,1.6800
parks,4.3300
parle,2.2500
parli,1.5600
parly,1.7700
parol,1.7900
parse,2.9800
parsi,2.3400
parte,2.7700
parti,2.7700
party,5.4900
parto,1.4400
parts,5.0700
parus,1.5500
parve,1.1100
pasch,1.7000
paseo,2.4000
pashm,0.0000
pasmo,1.1300
paste,3.9100
pasty,2.8800
pasul,0.0000
patch,4.2000
pated,1.3800
patel,3.4900
paten,1.9300
pater,2.5200
pates,1.6500
pathy,1.5300
paths,4.0200
patin,1.7400
patio,3.4400
patly,0.0000
patsy,3.1200
pauky,0.0000
pause,4.0000
pauxi,0.0000
paved,3.6200
paven,0.0000
paver,2.0600
paves,2.5000
pavid,0.0000
pavin,1.6200
pavis,1.1400
pawed,1.9900
pawer,0.0000
pawky,0.0000
pawls,1.2000
pawns,2.9900
paxes,0.0000
pbxes,0.0000
peach,3.7700
peags,0.0000
peaky,2.4700
peaks,3.8700
peals,1.8700
peans,0.0000
pearl,4.1400
pears,3.1600
peart,2.1900
peasy,2.5800
peaty,2.2900
peats,2.0700
peavy,2.1800
peban,0.0000
pecan,2.9300
pechs,0.0000
pecht,0.0000
pecky,1.1600
pecks,2.2800
pecos,2.5500
pedal,3.6400
pedro,3.7500
pedum,0.0000
pegma,0.0000
peins,0.0000
pekan,1.3700
pekin,2.3300
pelfs,0.0000
pelon,1.4000
pelta,0.0000
pelts,2.6500
penal,3.4600
penda,1.7200
pends,1.2400
pengo,1.2600
penis,4.0500
pensy,0.0000
penta,2.4700
peony,2.5700
peons,2.2700
perai,1.1500
perau,0.0000
perca,1.3000
perch,3.2900
percy,3.6600
perdy,1.3200
perdu,2.0300
peril,3.4000
peris,2.0000
perit,0.0000
perky,2.9500
perks,3.6200
perla,2.4200
perms,2.0800
perty,1.7400
perun,1.4100
pesah,0.0000
pesky,3.1000
petal,3.0400
petos,0.0000
petri,2.9800
petro,2.9400
petum,0.0000
peuhl,0.0000
pewit,0.0000
pflag,1.7600
pfund,1.3400
phaet,0.0000
phage,2.6600
phane,1.1600
phano,0.0000
phare,1.7500
pharm,2.4300
pharo,1.6500
phase,4.6400
phasm,0.0000
pheal,0.0000
pheny,0.0000
pheon,0.0000
phial,1.9300
phies,0.0000
phyla,2.0400
phyle,0.0000
phyma,0.0000
physa,1.2800
phlox,2.3500
phoby,0.0000
phoca,1.4700
phoma,1.3700
phone,5.3000
phony,3.3500
phons,0.0000
phora,1.2800
phose,0.0000
phots,1.2400
phren,0.0000
piano,4.3100
pians,0.0000
piast,1.2400
pibal,0.0000
picae,0.0000
pical,0.0000
picas,1.2100
picea,2.1800
pyche,0.0000
picky,3.3400
picks,4.2400
picot,2.3000
picra,0.0000
picry,0.0000
picul,0.0000
picus,1.6200
pidan,0.0000
piend,0.0000
piers,3.5100
piert,0.0000
piest,0.0000
pieta,2.0100
piety,3.0900
piezo,2.2000
pygal,0.0000
pight,0.0000
pigly,0.0000
pigmy,1.7200
pyins,0.0000
pikas,1.6100
piked,1.4100
pikey,1.8400
pikel,0.0000
piker,1.7000
pikes,2.7500
pikle,0.0000
pilaf,2.1700
pilar,2.8200
pylar,0.0000
pilau,1.5800
pilaw,0.0000
pilch,1.5700
pilea,1.1500
piled,3.4100
piler,0.0000
piles,3.5900
pylic,0.0000
pilmy,0.0000
pilon,1.9200
pylon,2.6700
pilot,4.5200
pilum,1.2900
pilus,1.4800
piman,0.0000
pimas,0.0000
pinal,2.1800
pinas,1.6900
pinax,0.0000
pinch,3.7600
pinda,1.3400
pindy,0.0000
pined,2.0400
piney,2.4800
piner,1.3200
pines,3.4400
pinge,0.0000
pingo,1.5600
pings,2.9300
pinyl,0.0000
pinky,3.3900
pinko,2.0500
pinks,2.8000
pinot,3.0900
pynot,0.0000
pinta,2.0600
pinte,1.1900
pinto,3.1200
pints,3.2200
pinus,2.7300
pyoid,0.0000
pions,1.7000
piotr,2.5300
pious,3.3100
pioxe,0.0000
pique,2.9300
pyral,0.0000
pyran,1.0700
pyres,1.8600
pyrex,2.5100
pyric,0.0000
pirny,0.0000
pirns,0.0000
pirog,1.0400
pirol,0.0000
pirot,1.2300
pyrus,1.8100
pisay,0.0000
pisan,1.7800
pisco,2.1900
pishu,0.0000
pisky,0.0000
piste,2.3900
pisum,1.5800
pitas,1.8400
pitau,0.0000
pitch,4.4300
pithy,2.6100
piths,0.0000
piton,1.9500
piute,1.5000
pivot,3.5000
piwut,0.0000
pixel,3.7200
pixes,0.0000
pyxes,0.0000
pyxie,0.0000
pyxis,1.7700
place,5.7100
plack,1.4100
plage,2.1200
plaid,3.3300
plain,4.4300
plays,4.8400
plait,2.4200
plane,4.7200
plang,0.0000
plank,3.4600
plans,5.0100
plant,4.8900
plash,1.3100
plasm,1.6800
plate,4.5500
platy,1.7100
plato,3.3700
plats,2.2100
plaud,0.0000
plead,3.6300
pleas,3.5100
pleat,2.1900
plebs,2.6200
pleck,1.2200
pleis,0.0000
plena,1.8700
pleny,0.0000
pleon,0.0000
plica,1.4900
plied,2.5600
plier,1.6600
plyer,0.0000
plies,2.6000
pliny,2.8200
plink,1.8300
ploat,0.0000
ploce,0.0000
plock,1.4800
plods,1.7000
ploys,2.2100
plomb,1.0700
plonk,2.1500
plote,0.0000
plots,3.7700
plotx,0.0000
plouk,0.0000
plout,0.0000
plows,2.6900
pluck,3.1300
plugs,3.4700
pluma,1.4200
plumb,2.9200
plume,3.1900
plumy,0.0000
plums,2.9700
plunk,2.1100
plush,3.3300
pluto,3.3500
pneum,0.0000
poach,2.6800
pocan,1.5300
poche,1.8100
pocky,2.0200
pocks,1.2700
pocul,0.0000
pocus,2.5700
podal,0.0000
podex,0.0000
podge,2.2200
podgy,1.6500
podia,1.3800
poems,4.1100
poesy,1.6600
poets,3.8400
pogey,0.0000
pohna,0.0000
poilu,1.2900
poind,0.0000
point,5.5400
poire,1.2500
poise,3.0400
pokan,0.0000
poked,3.2300
pokey,2.5400
poker,3.9700
pokes,2.9200
pokie,1.7600
polab,0.0000
polar,3.9600
poled,1.6200
poley,1.7700
poler,0.0000
poles,3.8800
polis,2.7400
polys,1.7100
polit,2.1500
polje,1.5000
polka,3.2000
polki,0.0000
pomak,0.0000
pombe,1.6500
pomey,0.0000
pomel,0.0000
pomes,1.0300
ponca,2.1600
ponce,2.8900
pondy,1.4800
ponds,3.4600
poney,1.3200
pones,1.1900
ponga,1.6700
ponja,0.0000
poral,0.0000
porch,3.8500
pored,2.2000
pores,3.4000
poret,0.0000
porge,0.0000
porgy,2.2500
poria,1.1400
porky,2.6700
porks,1.2500
porns,1.7100
porta,2.9200
porte,3.1300
porty,1.4000
ports,4.0700
porus,1.6900
posca,1.4400
posed,3.8100
posey,2.9200
poser,2.6700
posit,2.7600
potch,1.6800
poter,1.1000
potsy,1.0600
potus,3.1300
pouce,1.2200
pouch,3.4300
poucy,0.0000
poufs,1.1300
poule,1.5600
poult,1.2500
pound,4.3200
pours,3.2200
pousy,0.0000
pouty,2.3800
pouts,2.0600
powan,0.0000
power,5.5200
powny,0.0000
poxed,0.0000
poxes,0.0000
prado,2.8500
prahm,0.0000
prahu,0.0000
prays,3.1000
prams,2.0900
prand,0.0000
prang,2.1000
prank,3.7000
praos,0.0000
prase,1.0100
prate,1.5200
prats,1.8400
praus,0.0000
prawn,2.8700
predy,0.0000
preys,2.5000
prela,0.0000
presa,1.8000
prest,2.0100
preta,1.7000
preux,1.6200
prexy,1.1400
priam,2.3300
price,5.2300
prich,0.0000
pricy,2.2200
prick,3.6000
pride,4.4900
pridy,0.0000
pried,2.3900
pries,1.8500
prigs,1.4300
prima,3.3400
prime,4.8100
primy,0.0000
primo,2.9900
prims,1.4100
prine,1.9200
prink,1.0500
print,4.5400
prion,2.5200
prise,2.4500
pryse,1.4700
prism,3.4400
prius,3.0500
privy,3.4600
prize,4.5900
proal,0.0000
proas,0.0000
probe,3.9900
prods,2.3300
proem,1.2500
profs,2.5200
progs,1.7800
proke,0.0000
prole,1.7900
proms,2.8600
prone,3.9300
prong,2.8000
prose,3.7200
prosy,1.0300
prost,2.6200
prote,1.7700
proud,4.7800
prove,4.7700
prowl,2.7500
prows,1.3500
proxy,3.7300
prude,2.5800
prudy,1.5300
prune,2.9600
prunt,0.0000
pruta,0.0000
psalm,3.5600
psend,0.0000
pseud,1.6100
pshav,0.0000
pshaw,1.7900
psych,3.4800
psize,0.0000
psoae,0.0000
psoai,0.0000
psora,0.0000
pubal,0.0000
pubes,2.6800
pubic,3.0700
pubis,2.2700
puces,1.1600
pucka,0.0000
pucks,2.5300
pudge,2.2300
pudgy,2.4700
pudic,0.0000
pudsy,0.0000
puget,2.9800
pugil,0.0000
puist,0.0000
puked,2.7600
puker,1.2300
pukes,2.1900
pulas,0.0000
puled,0.0000
puler,0.0000
pules,0.0000
pulex,1.3000
pulik,0.0000
pulis,2.4800
pulka,0.0000
pulse,4.0600
pumas,2.6600
pumex,0.0000
punas,0.0000
punce,0.0000
punch,4.3200
punct,0.0000
punga,1.1200
pungi,0.0000
pungy,0.0000
pungs,0.0000
punic,2.4100
punka,0.0000
punky,2.3400
punks,2.9800
punkt,1.4200
punta,2.9300
punti,1.0700
punty,0.0000
punto,2.3900
punts,2.6600
purda,0.0000
purdy,2.8200
pured,0.0000
purey,0.0000
purga,1.2800
purge,3.5700
purim,2.4500
purin,1.3700
puris,1.4700
purls,1.2600
purse,3.9500
pursy,0.0000
purty,2.0500
pushy,3.0000
putid,0.0000
puton,1.1100
qaids,0.0000
qibla,1.9200
qiyas,0.0000
qophs,0.0000
quack,3.0600
quadi,0.0000
quads,2.7700
quags,0.0000
quail,3.1300
quais,1.3800
quays,2.5300
quake,3.4500
quaky,0.0000
quale,1.7600
qualm,1.8900
quant,2.5700
quare,1.7100
quark,3.0500
quarl,0.0000
quart,3.0100
quash,2.7500
quasi,3.4900
quate,1.4400
quave,0.0000
quawk,0.0000
queak,0.0000
queal,0.0000
quean,1.0800
quegh,0.0000
queys,0.0000
quelt,0.0000
quent,1.8800
query,3.6400
querl,0.0000
quern,1.5900
quest,4.2700
quica,0.0000
quick,4.9800
quids,1.8600
quiet,4.6500
quila,1.0800
quilt,3.2500
quina,1.7400
quink,1.0100
quins,1.9600
quint,2.6400
quipo,0.0000
quips,2.6200
quira,0.0000
quire,2.2200
quirk,3.1300
quirl,0.0000
quirt,1.5800
quist,1.9700
quite,5.2900
quito,2.8300
quits,3.3900
quoad,1.6500
quods,0.0000
quoin,1.6400
quoit,1.5100
quota,3.5300
quote,4.5100
quoth,2.0800
qursh,0.0000
qurti,0.0000
rabic,0.0000
rabid,3.1300
rabin,2.7100
rabot,1.3400
raced,3.5900
races,4.3800
rache,1.7300
racks,3.3700
racon,1.1100
radek,2.4900
radio,5.0100
radix,2.2500
radly,0.0000
radon,2.8900
rafik,2.0300
rafty,0.0000
rafts,2.8800
raged,3.0600
rages,3.0600
raghu,2.4600
ragis,0.0000
rahul,3.3600
raids,3.8900
rayed,2.4100
rails,3.7900
rainy,3.7400
rains,3.8400
rayon,2.9900
raise,4.7500
rajes,0.0000
rajiv,2.9500
raked,2.8600
rakes,2.7100
rakis,0.0000
rakit,0.0000
rales,1.5600
ralph,4.1000
rambo,3.0400
ramed,0.0000
ramet,1.0500
ramex,0.0000
ramie,1.6200
ramon,3.3500
ramps,3.2800
ramus,2.0900
rance,2.6300
ranch,4.0300
randy,3.9200
rands,2.1300
range,5.1200
rangy,1.9100
ranid,0.0000
ranis,1.2300
ranks,4.2300
ranli,0.0000
ranty,1.6100
rants,3.1200
raped,4.0800
rapes,3.3600
raphe,1.8300
rapic,0.0000
rapid,4.3800
rased,0.0000
rasen,1.8200
rason,1.6200
raspy,2.6400
rasty,0.0000
ratch,1.3100
rated,4.3000
ratel,1.2500
rates,4.8800
rathe,1.7600
ratio,4.3700
ratos,0.0000
rauli,0.0000
raupo,0.0000
raved,2.5000
ravel,2.7100
raven,3.7900
raves,2.8300
ravin,2.0100
rawin,0.0000
rawky,0.0000
rawly,1.3800
raxed,0.0000
raxes,0.0000
razed,2.7900
razes,1.4200
reach,4.9400
react,4.1600
ready,5.2800
readl,0.0000
reads,4.2500
reaks,0.0000
realm,4.0600
reals,2.7300
reamy,0.0000
reams,2.5800
reaps,2.3400
reasy,0.0000
reask,0.0000
reast,0.0000
rebag,0.0000
reban,0.0000
rebia,0.0000
rebid,1.5700
rebop,0.0000
rebox,0.0000
rebud,0.0000
rebuy,1.8400
rebus,2.5300
rebut,2.6000
recap,3.4500
recip,1.5400
recit,1.2500
recks,1.0800
recon,3.2400
recpt,0.0000
recta,1.7400
recti,1.4900
recto,2.2400
recut,2.1300
redan,1.6600
redia,0.0000
redig,0.0000
redip,0.0000
redly,0.0000
redos,1.2400
redox,2.7500
redub,1.2000
redug,0.0000
redux,2.7400
refan,0.0000
refit,2.6700
refix,1.1600
refly,0.0000
regal,3.3400
regia,2.2900
regin,1.8500
regma,0.0000
regna,1.4800
rehid,0.0000
reich,3.4900
reify,1.5500
reifs,0.0000
reign,4.0700
reina,2.8400
reink,0.0000
reins,3.3100
reist,1.4800
rejig,1.5200
relay,3.8600
relap,0.0000
relax,4.2900
relic,3.3700
relig,1.5900
relit,1.6500
relot,0.0000
reman,2.0200
remap,1.9400
remit,3.0900
remix,3.9900
remop,0.0000
remus,2.7700
renay,1.2800
renal,3.4400
rends,1.5000
rendu,1.8400
renga,1.5900
renig,0.0000
renky,0.0000
rents,3.5800
reoil,0.0000
reown,0.0000
repad,0.0000
repay,3.6600
repas,1.3300
repic,0.0000
repin,1.8700
reply,4.5000
repot,1.8200
resay,0.0000
resat,0.0000
resaw,0.0000
resid,1.5100
resin,3.6100
resit,1.8900
resow,0.0000
resty,0.0000
resun,0.0000
resup,0.0000
retag,0.0000
retal,1.1900
retan,0.0000
retax,0.0000
retch,2.0400
retia,0.0000
retin,1.9300
retip,0.0000
revay,0.0000
rewan,0.0000
rewax,0.0000
rewin,0.0000
rewon,0.0000
rhamn,0.0000
rheas,1.4800
rheda,1.4300
rheic,0.0000
rhein,2.2700
rhema,1.7300
rheum,1.7900
rhila,0.0000
rhyme,3.5600
rhina,0.0000
rhine,3.2800
rhino,3.5700
rhyta,0.0000
rhoda,2.7400
rhomb,1.4400
rhumb,1.3900
rials,2.0700
riant,1.1900
ribat,0.0000
rybat,0.0000
ribes,1.9600
riced,1.4300
ricey,1.0300
rices,1.8900
riche,2.4800
richt,2.1400
ricky,3.9100
ricks,2.6500
riden,1.4300
rides,4.0600
ridge,4.1200
ridgy,1.0600
riels,1.1200
rifle,4.1800
rifty,0.0000
rifts,2.7500
rigel,2.1400
right,5.9600
rigol,1.0700
riyal,1.6900
ryked,0.0000
rykes,0.0000
riled,2.8400
riley,3.9000
riles,2.2100
rimal,1.0200
rimas,1.2600
rimed,1.0300
rimes,2.4000
rinch,0.0000
rinde,1.1400
rindy,1.1000
rinds,2.3200
rynds,0.0000
ringe,1.5800
ringy,1.1700
rings,4.3300
rinka,1.2300
rinks,2.5600
rinse,3.4800
riots,3.8700
ryots,0.0000
ripal,0.0000
riped,1.2200
ripen,2.6400
ripes,0.0000
risen,3.8600
risky,3.9400
risqu,0.0000
rites,3.4400
rithe,0.0000
ritsu,2.0400
ritus,1.3900
ritzy,2.2300
rival,4.1800
rived,1.2100
rivel,0.0000
riven,2.7200
rives,2.2300
rivet,2.6900
roach,3.4400
roads,4.5500
roams,2.5200
roans,1.4400
roast,3.8700
robed,2.4300
robes,3.3900
robin,4.3300
roble,1.7200
roche,3.3200
rocky,4.1600
rocks,4.3800
rocta,0.0000
rodge,1.7000
rogan,2.8300
rogue,3.8900
roguy,0.0000
rohan,3.2000
rohun,0.0000
royal,4.8500
royet,0.0000
roily,0.0000
roils,1.4200
roist,0.0000
rojak,1.3800
rokey,0.0000
roles,4.4400
rolfe,2.7000
romal,0.0000
roman,4.5000
romic,0.0000
rompy,0.0000
romps,1.9900
rompu,0.0000
ronde,2.2900
ronga,0.0000
roped,2.8300
ropey,1.9200
ropes,3.6600
roque,2.5600
rosal,1.4100
rosed,0.0000
rosel,1.2100
roset,1.3800
roshi,2.3000
rosin,2.5300
rotal,0.0000
rotan,1.4400
rotas,1.7200
rotch,1.6000
rotes,1.5300
rotge,0.0000
rotls,0.0000
rotse,0.0000
rouen,2.7700
roues,0.0000
rouge,3.6600
rough,4.4900
rougy,0.0000
rouky,0.0000
round,5.1400
roupy,0.0000
roups,0.0000
rouse,3.1000
roust,1.5900
route,4.6700
routh,2.1200
routs,2.0900
roved,1.5900
roven,1.4000
roves,1.4400
rovet,0.0000
rowan,3.3200
rowdy,3.2100
rowed,2.7800
rowel,1.2700
rowen,2.0300
rowet,0.0000
rowte,0.0000
rowth,0.0000
rowty,0.0000
roxie,2.4200
rozum,0.0000
ruach,1.6500
rubes,2.2200
rubia,1.7200
rubin,3.3500
ruble,2.6200
ruche,1.3200
rucky,0.0000
rucks,1.9300
rudas,1.2400
rudge,2.1400
ruely,0.0000
rugae,1.5600
rugal,1.3400
rugby,4.4000
ruing,1.6400
ruins,4.0200
ruled,4.3000
rules,5.0600
rumal,1.1000
ruman,1.2500
rumba,2.6300
rumbo,1.4300
rumen,2.3000
rumex,1.6700
rumly,0.0000
rumpy,1.1800
rumps,1.7100
runby,0.0000
runch,0.0000
rundi,0.0000
runed,1.1000
runes,2.8900
rungs,2.5500
runic,2.3900
runsy,0.0000
runty,1.3900
runts,1.7900
rupia,0.0000
rupie,0.0000
rushy,1.4800
rusin,1.3400
rusky,1.0900
rusma,0.0000
rusot,0.0000
rusty,3.6100
rutch,0.0000
ruths,1.4300
rutic,0.0000
rutyl,0.0000
rutin,1.5600
ruvid,0.0000
sabed,0.0000
saber,3.1800
sabik,0.0000
sabin,2.4900
sabir,1.9000
sable,2.9900
sably,0.0000
sabot,2.0600
sabre,3.0200
sabzi,1.6800
sacre,2.3600
sacry,0.0000
sacro,2.0200
sadhe,0.0000
sadhu,2.2000
sadic,0.0000
sadie,3.2600
sadly,4.1800
safen,0.0000
safer,4.0900
sager,2.4900
sagum,0.0000
sahib,3.0100
sahme,0.0000
saice,0.0000
sayer,2.5000
saify,0.0000
sayid,2.2400
saily,0.0000
saimy,0.0000
saint,4.4100
saiph,0.0000
sairy,0.0000
saite,1.1300
saith,2.9400
sajou,0.0000
sakel,0.0000
saker,2.0400
sakti,1.9600
salem,3.7000
salep,1.2000
salet,0.0000
salic,1.8000
salix,2.3400
salmi,1.5900
salmo,2.0300
salon,3.8700
salty,3.7400
salud,2.4400
salue,0.0000
salve,2.8100
salvy,1.8100
salvo,2.8600
sambo,2.5100
samek,1.0400
samel,1.1900
samen,1.5500
samir,3.0500
sampi,0.0000
sancy,1.1100
sanct,1.5000
sandy,4.1900
saned,0.0000
saner,2.2500
sangh,2.5300
sangu,1.2000
sanit,1.2000
santy,1.5900
santo,3.3600
sapek,0.0000
sapid,1.0200
sapin,1.6600
sapit,0.0000
saple,0.0000
sapor,1.0500
saqib,1.8300
sarge,2.5400
sargo,0.0000
sarif,1.3600
sarin,2.7900
sarip,0.0000
sarky,1.4300
sarod,1.3600
saron,1.8200
sarpo,0.0000
saruk,0.0000
sarum,2.1400
sated,2.4300
satem,1.2500
satin,3.3900
satyr,2.4700
sauce,4.3000
sauch,0.0000
saucy,2.9000
saudi,4.3100
saugh,0.0000
sauld,0.0000
sault,2.6500
saunt,0.0000
saury,1.5100
saute,2.4600
sauty,0.0000
sauve,1.7000
saved,4.6700
savey,0.0000
saver,3.2700
savin,2.5600
savoy,3.0900
savor,2.9800
sawed,2.8000
sawer,1.5500
sawny,0.0000
saxon,3.5800
sazen,0.0000
scald,2.1700
scale,4.8300
scalf,0.0000
scaly,2.8100
scalp,3.4800
scalt,0.0000
scalx,0.0000
scalz,0.0000
scamp,2.3200
scant,3.1000
scape,2.7100
scare,4.0700
scarf,3.6800
scary,4.3700
scarn,1.3800
scarp,2.2800
scart,1.7600
scaul,0.0000
scaum,0.0000
scaup,1.7400
scaur,0.0000
scaut,0.0000
scawd,0.0000
scawl,0.0000
sceat,0.0000
scelp,0.0000
scena,1.6300
scend,0.0000
scent,3.8200
schav,0.0000
schiz,1.0700
schmo,1.8000
schul,1.2800
schwa,1.8600
scian,0.0000
scyld,1.2900
scind,0.0000
scion,3.0300
sciot,0.0000
scyth,0.0000
sclat,0.0000
sclav,0.0000
sclaw,0.0000
scler,0.0000
sclim,0.0000
scoad,0.0000
scoke,0.0000
scolb,0.0000
scold,2.8100
scone,2.7400
scopa,1.6300
scope,4.2600
score,4.8300
scorn,3.1300
scote,0.0000
scouk,0.0000
scoup,0.0000
scour,2.9700
scout,3.9700
scove,0.0000
scovy,0.0000
scowl,2.5100
scrab,0.0000
scrae,0.0000
scrag,1.4800
scray,1.0200
scram,2.3500
scran,1.7000
scrap,3.9000
scrat,1.6600
scraw,0.0000
screw,4.2500
scrim,2.5000
scrin,0.0000
scrip,2.6000
scrit,0.0000
scrob,0.0000
scrod,1.1600
scrog,0.0000
scrow,0.0000
scrub,3.6900
scruf,0.0000
scrum,3.2500
scuba,3.3100
scudi,1.5600
scudo,1.4700
scuft,0.0000
sculk,0.0000
sculp,1.2300
scult,0.0000
scurf,1.2300
scuta,0.0000
scute,1.5900
sdump,0.0000
sealy,2.3400
seamy,1.8200
seary,0.0000
seavy,0.0000
sebat,0.0000
sebum,2.1500
secno,0.0000
sedan,3.5500
sedat,1.4500
sedgy,0.0000
sedum,2.0000
segar,1.8100
segni,1.3600
segno,1.4500
segol,0.0000
segou,0.0000
sehyo,0.0000
seity,0.0000
sekar,1.6400
selah,2.4400
selva,2.1900
semic,0.0000
semih,1.2300
senal,0.0000
senam,0.0000
senci,0.0000
sengi,1.2600
senit,0.0000
senor,2.6100
senti,1.7900
senvy,0.0000
senza,2.1700
seora,0.0000
seoul,3.9300
sepad,0.0000
sepal,1.8100
sepia,2.7800
sepic,0.0000
sepoy,2.1000
septa,2.7000
septi,1.1800
sequa,0.0000
seqwl,0.0000
serab,0.0000
serac,1.1000
serai,1.7700
seral,1.2000
serau,0.0000
seraw,0.0000
sergt,0.0000
seric,0.0000
serif,2.6400
serin,1.6200
serio,2.1900
sermo,1.3700
seron,1.3700
serow,1.2000
serta,1.7200
serum,3.7400
serut,0.0000
servo,2.9000
setal,0.0000
seton,2.8400
setup,4.0900
seugh,0.0000
sevum,0.0000
sewan,0.0000
sewar,0.0000
sewin,1.2800
sexly,0.0000
sexto,1.4500
shack,3.4300
shade,4.1600
shady,3.7100
shado,1.9700
shaft,3.9000
shake,4.3300
shaky,3.4500
shako,1.6900
shaku,1.7900
shale,3.6900
shaly,1.1300
shalt,3.3400
shame,4.5500
shane,3.9500
shang,2.9100
shank,3.0700
shant,1.6300
shape,4.7200
shapy,0.0000
shard,3.0000
share,5.2000
shari,2.7000
shark,4.1000
sharn,1.4100
sharp,4.4800
shaul,2.1500
shaup,0.0000
shave,3.8300
shawy,0.0000
shawl,3.1700
shawm,1.1800
shawn,3.8100
sheaf,2.6000
sheal,0.0000
shean,1.7800
shear,3.4000
sheat,1.2500
shedu,0.0000
sheik,3.1000
shela,1.4100
sheld,0.0000
shelf,4.0200
shema,2.0300
shemu,0.0000
shend,0.0000
sheng,2.8700
shent,0.0000
sheol,2.0700
sherd,1.4400
sheva,2.3700
shewa,1.0600
shewn,1.6500
shyam,2.4200
shice,0.0000
shick,1.5900
shide,1.0400
shied,2.5100
shiel,2.1200
shier,1.4500
shyer,1.7200
shift,4.5700
shiko,1.2700
shilf,0.0000
shily,0.0000
shina,1.8000
shine,4.1700
shiny,3.8800
shipt,1.4200
shire,3.4700
shirk,2.6600
shirl,1.7300
shirt,4.6300
shita,1.5300
shiva,3.3300
shive,1.6500
shivy,0.0000
shlep,0.0000
shoad,0.0000
shoal,2.9300
shoat,1.1000
shock,4.4600
shode,0.0000
shoed,1.5100
shoer,0.0000
shogi,1.9600
shoya,1.1700
shoyu,1.7300
shoji,2.2700
shola,2.0700
shole,1.2100
shona,2.7400
shone,3.2300
shope,1.6200
shore,4.3300
shorl,0.0000
shorn,2.5300
short,5.3300
shote,0.0000
shout,4.0600
shove,3.6600
showd,0.0000
showy,2.7900
shown,4.9000
shrab,0.0000
shraf,0.0000
shrag,0.0000
shram,1.1500
shrap,0.0000
shred,3.3200
shrew,2.7500
shrip,0.0000
shrog,0.0000
shrub,3.1900
shrug,3.3000
shuba,1.0100
shuck,2.3700
shuln,0.0000
shune,0.0000
shunt,2.8200
shure,2.4400
shurf,0.0000
shute,2.3400
siafu,0.0000
sibyl,2.4500
sybil,2.9100
sybow,0.0000
sicel,0.0000
sicer,0.0000
sicht,1.3700
sicle,1.0200
sycon,0.0000
sider,2.3600
sidhe,1.9300
sidle,2.0000
sidth,0.0000
siena,2.9500
sieur,2.1800
sieva,0.0000
sievy,0.0000
sifac,0.0000
syftn,0.0000
sight,4.5400
sigla,1.1200
sigma,3.5100
signa,1.9600
sikar,1.4300
siker,0.0000
siket,0.0000
sikra,0.0000
silen,1.2200
silex,1.8700
sylid,0.0000
silky,3.2600
sylph,1.9800
silty,2.1100
silva,3.7700
sylva,2.0800
simal,0.0000
simar,1.4100
simba,2.9400
simon,4.4800
simul,1.8400
sinae,0.0000
sinal,1.0500
since,5.7500
synch,2.5300
sinew,2.3300
singe,2.4300
singh,4.0400
sinky,0.0000
synod,3.3200
synop,1.1300
sinto,1.1600
sintu,0.0000
sioux,3.4400
siped,0.0000
siper,0.0000
sired,2.6500
siren,3.4600
syren,1.7800
sirex,0.0000
syria,4.4000
sirky,0.0000
syrma,0.0000
siroc,0.0000
sirop,0.0000
sirup,1.3000
syrup,3.7600
sitao,0.0000
sitar,2.4100
sitch,2.1100
sited,2.7500
sithe,1.0600
sitka,2.6500
situp,0.0000
sivan,2.5200
siver,1.8300
siwan,1.6900
sixer,2.0500
sixmo,0.0000
sixte,1.0800
sixth,4.3800
sixty,3.9300
sizal,0.0000
sizar,1.1400
sized,4.2700
sizer,1.9400
skail,0.0000
skair,0.0000
skald,1.5500
skart,0.0000
skate,3.7400
skean,0.0000
skeat,1.5500
skeif,0.0000
skein,2.3400
skelf,0.0000
skelp,1.2200
skemp,1.0100
skewy,0.0000
skewl,0.0000
skice,0.0000
skied,2.4600
skyed,0.0000
skiey,0.0000
skier,3.2000
skift,1.4300
skime,0.0000
skimo,1.0500
skimp,2.5200
skint,2.4200
skyre,0.0000
skirl,1.3100
skirp,0.0000
skirt,3.9600
skite,1.0300
skyte,0.0000
skive,1.6400
skivy,0.0000
skiwy,0.0000
skoal,1.8200
skout,1.2800
skulp,0.0000
slack,3.7100
slade,3.2500
slain,3.5400
slait,0.0000
slake,2.0100
slaky,0.0000
slamp,0.0000
slane,1.9100
slang,3.5500
slank,1.3600
slant,3.1800
slape,1.1200
slare,0.0000
slart,0.0000
slate,3.8200
slath,0.0000
slaty,2.0400
slaum,0.0000
slave,4.3100
slavi,1.3000
sleck,0.0000
slent,0.0000
slept,4.1800
slice,4.0000
slich,0.0000
slick,3.7100
slide,4.3000
slier,1.1100
slyer,0.0000
slime,3.3800
slimy,3.0800
sline,0.0000
sling,3.3400
slink,2.3800
slipe,0.0000
slype,0.0000
slipt,0.0000
slirt,0.0000
slite,0.0000
slive,1.4900
sloan,3.4400
sloat,1.8900
slock,0.0000
sloid,0.0000
sloyd,1.2200
slojd,0.0000
sloka,1.4300
sloke,0.0000
slone,1.8000
slonk,0.0000
slope,3.9000
slopy,0.0000
slorp,0.0000
slote,1.4600
sloth,3.1000
slour,0.0000
slued,0.0000
sluer,0.0000
sluig,0.0000
sluit,0.0000
slump,3.3600
slung,2.8500
slunk,1.9700
slurb,0.0000
slurp,2.5600
smack,3.6400
smaik,0.0000
smalt,0.0000
smart,4.8300
smaze,0.0000
smear,3.4600
smelt,2.9900
smerk,0.0000
smeth,0.0000
smich,0.0000
smift,0.0000
smile,4.6400
smily,1.3500
smirk,3.0400
smite,2.9300
smith,4.8900
smyth,3.0400
smock,2.5700
smoke,4.6700
smoky,3.3300
smolt,1.5200
smore,1.4200
smote,2.3000
smout,1.5600
snack,3.9000
snafu,2.5400
snail,3.6700
snake,4.2300
snaky,1.7200
snape,2.9600
snapy,0.0000
snare,3.2500
snary,0.0000
snark,2.6500
snarl,2.6200
snath,0.0000
snead,2.3800
sneak,3.9900
sneap,0.0000
sneck,0.0000
snerp,0.0000
snick,1.7100
snide,2.5900
snyed,0.0000
snift,0.0000
snipe,3.0400
snipy,0.0000
snirl,0.0000
snirt,0.0000
snite,0.0000
snitz,0.0000
snivy,1.1800
snock,0.0000
snoek,1.4300
snoga,0.0000
snoke,1.9700
snore,2.7600
snork,1.4600
snort,3.0100
snout,3.0800
snowy,3.4600
snowk,0.0000
snowl,0.0000
snuck,3.2700
snurl,0.0000
snurp,0.0000
snurt,0.0000
soaky,0.0000
soapi,0.0000
soapy,2.7500
soary,0.0000
soave,1.7400
sober,3.9400
socht,0.0000
socky,1.2400
socle,1.4300
sodic,1.3300
sofar,1.9000
sofer,1.9700
sofia,3.7400
softa,0.0000
softy,2.2100
soger,0.0000
soget,0.0000
soign,0.0000
soily,0.0000
soken,1.4000
solay,0.0000
solan,1.9100
solar,4.5300
soldi,1.7400
solea,1.3200
soled,2.2800
solen,1.6600
soler,2.3600
solfa,1.1100
solid,4.7300
solum,1.7500
solve,4.4200
somal,1.2200
somet,1.4800
somne,0.0000
sonar,3.3000
soncy,0.0000
sonde,1.4100
songy,1.6400
sonic,3.9300
sonja,2.9400
sonly,0.0000
sophy,2.0600
soral,0.0000
sorda,0.0000
sorel,2.3100
sorex,1.4900
sorty,0.0000
sorva,0.0000
soter,1.7000
sotie,0.0000
sotik,0.0000
sough,1.5900
souly,0.0000
soulx,0.0000
soulz,0.0000
sound,5.1500
soupy,2.2800
sourd,1.1700
soury,0.0000
south,5.4000
sowan,0.0000
sowar,0.0000
sowed,2.5900
sowel,0.0000
sower,2.1700
sowle,1.0200
sowte,0.0000
sozin,1.3500
sozly,0.0000
space,5.2300
spacy,1.6900
spack,1.2800
spade,3.3300
spado,0.0000
spaed,0.0000
spaer,0.0000
spahi,0.0000
spaid,0.0000
spaik,0.0000
spail,0.0000
spain,4.5900
spair,0.0000
spait,0.0000
spake,2.5500
spald,0.0000
spale,0.0000
spalt,0.0000
spane,0.0000
spang,1.8400
spank,3.0800
spare,4.2800
spary,0.0000
spark,3.9900
sparm,0.0000
spart,1.3200
spate,2.7900
spath,1.5600
spave,0.0000
spawl,0.0000
spawn,3.3800
speak,5.0300
speal,1.0200
spean,1.6200
spear,3.7000
speck,3.0200
spect,2.3300
speil,0.0000
speir,1.3600
spekt,0.0000
spelk,0.0000
spelt,3.1800
spend,4.9700
spent,5.0200
sperm,3.8400
spewy,0.0000
sphex,0.0000
spial,0.0000
spica,2.3200
spice,3.9400
spicy,3.8000
spick,1.9200
spied,3.0800
spiel,2.6600
spier,1.8500
spyer,1.2800
spike,3.9600
spiky,2.7500
spile,1.2200
spilt,2.9100
spina,2.6700
spine,3.9300
spiny,2.6400
spink,2.2600
spira,2.0800
spire,3.1100
spiry,0.0000
spiro,2.7200
spirt,1.8400
spite,4.0400
spitz,2.5400
splad,0.0000
splay,2.0900
splat,2.7000
splet,0.0000
split,4.6500
spock,3.0700
spode,1.9800
spoil,3.8100
spoke,4.6100
spoky,0.0000
spole,0.0000
spong,1.9200
spore,3.0000
sport,4.7300
spout,3.1100
sprad,0.0000
sprag,1.1500
spray,4.1800
sprat,1.9800
spret,0.0000
sprew,0.0000
sprig,2.4300
sprit,2.0300
sprod,0.0000
sprot,1.2600
sprue,2.0500
sprug,0.0000
spued,0.0000
spuke,0.0000
spume,1.4300
spumy,0.0000
spung,0.0000
spunk,2.6600
spurl,0.0000
spurn,2.3600
spurt,2.8400
sputa,0.0000
spute,0.0000
squab,1.9700
squad,4.6700
squam,1.2900
squat,3.4800
squaw,2.6800
squeg,0.0000
squet,0.0000
squib,2.2900
squid,3.4400
squin,0.0000
squit,0.0000
squiz,1.2300
sruti,1.4900
stacy,3.3900
stack,4.0500
stade,2.7100
stage,5.1000
stagy,1.3500
staid,2.5800
staig,0.0000
stail,0.0000
stain,3.7000
staio,0.0000
stair,3.2600
stake,4.1500
stale,3.4300
stalk,3.4600
stamp,4.1100
stand,5.1400
stane,1.9200
stang,2.3300
stank,2.7600
staph,2.5700
stare,3.9100
stary,1.8700
stark,4.0100
starn,1.3100
starw,0.0000
stauk,0.0000
staun,0.0000
staup,0.0000
stave,3.0400
stawn,0.0000
stchi,0.0000
stead,3.1900
steak,3.9700
steal,4.4100
steam,4.5200
stean,0.0000
stech,1.2300
stegh,0.0000
steid,0.0000
stein,3.6500
stela,2.1100
stema,0.0000
stend,0.0000
steng,0.0000
steno,2.1400
steri,1.6200
sterk,1.6600
stern,3.9000
stero,1.0800
stewy,1.2600
styan,0.0000
styca,0.0000
stich,2.0600
stick,4.7600
stied,0.0000
styed,0.0000
stife,0.0000
stilb,0.0000
stile,2.3900
style,5.1100
styli,1.5500
stylo,1.9600
stime,0.0000
stimy,0.0000
stine,2.4300
sting,3.8000
stink,3.4600
stion,0.0000
stipa,1.6400
stipe,2.7300
stipo,0.0000
stire,0.0000
stirk,1.6400
stirp,0.0000
stive,1.1300
stivy,0.0000
stoae,0.0000
stoai,0.0000
stock,4.9300
stoep,1.2200
stoga,0.0000
stogy,0.0000
stoic,3.1500
stoke,3.7300
stola,1.2900
stold,0.0000
stole,4.2100
stoma,2.2100
stomp,3.2500
stond,0.0000
stone,4.8000
stong,1.9200
stony,3.3000
stonk,1.1700
stopa,1.1300
stope,1.4600
store,5.0200
story,5.4500
stork,2.8800
storm,4.6600
stoun,0.0000
stoup,1.5700
stour,2.2000
stove,3.7100
stowp,0.0000
strad,1.7600
strae,0.0000
strag,0.0000
stray,3.7400
stram,1.4900
strap,3.7900
straw,3.9900
strey,0.0000
strep,2.7300
strew,1.6300
stria,1.6400
strid,1.3600
strig,0.0000
strip,4.3600
strix,2.3500
stroy,1.5000
strom,2.6200
strop,2.2200
strow,1.0800
strub,1.3300
strue,0.0000
strum,2.4800
struv,0.0000
stube,1.1000
stuck,4.6800
stude,1.5300
study,5.2600
stulm,0.0000
stump,3.4500
stung,3.2800
stunk,2.3900
stupa,2.3000
stupe,1.1100
sturk,0.0000
suade,1.0600
suant,0.0000
suave,2.9000
subah,1.6300
subch,0.0000
suber,1.6200
subet,0.0000
subra,1.3800
sucre,2.4500
sudan,3.9000
sudic,0.0000
sudor,0.0000
sudra,1.5600
suent,0.0000
suety,0.0000
suevi,1.3000
sugan,1.0500
sugar,4.6800
sugat,0.0000
sugih,0.0000
suina,0.0000
suine,0.0000
suing,3.5000
suint,0.0000
suyog,0.0000
suite,4.1800
suity,0.0000
sukey,1.3500
sulci,1.7600
sulea,0.0000
sulfa,1.9300
sulfo,1.1500
sulka,0.0000
sulky,2.3300
sumac,2.3400
sumak,0.0000
sumen,0.0000
sumph,0.0000
sumpt,0.0000
sunil,2.8400
suomi,2.1600
supai,1.3200
super,5.0800
supra,3.0800
supvr,0.0000
surah,2.5400
sural,1.3900
surat,2.8600
sured,1.0300
surfy,1.1500
surge,3.8200
surgy,0.0000
surya,2.7800
surly,2.8500
surma,1.6600
sutor,1.4100
sutra,2.9100
suzan,2.2300
svelt,0.0000
swack,0.0000
swage,1.5700
swail,1.3200
swain,3.0000
swale,2.1600
swami,3.0400
swamy,2.6100
swamp,3.8400
swang,1.6700
swank,2.6600
swape,0.0000
sward,1.9300
sware,1.8300
swarf,1.5300
swarm,3.4400
swart,2.1600
swath,2.8300
swati,2.1700
swazi,2.0600
sweal,0.0000
swear,4.5100
sweat,4.1400
swego,0.0000
swelp,0.0000
swelt,0.0000
swept,3.9400
swerd,0.0000
swick,1.7800
swift,4.1500
swile,0.0000
swimy,0.0000
swine,3.4600
swing,4.3400
swink,1.6400
swipe,3.5800
swipy,0.0000
swird,0.0000
swire,2.2700
swirl,3.1600
swith,1.3600
swive,0.0000
swoln,0.0000
swonk,0.0000
sword,4.3700
swore,3.5300
sworn,3.9000
swoun,0.0000
swung,3.4700
swure,0.0000
tabel,1.0900
taber,2.4000
tabes,1.6800
tabic,0.0000
tabid,1.1500
tabis,0.0000
table,5.0500
tabog,0.0000
tabor,2.7800
tabus,1.1600
taces,0.0000
tache,2.0300
tachi,2.0700
tachs,0.0000
tacky,3.1800
tacks,2.6600
tacos,3.4300
tacso,0.0000
taels,2.1900
tagel,0.0000
tagus,2.0900
tahil,0.0000
tahin,0.0000
tahrs,0.0000
taich,0.0000
tayer,1.2100
tayir,0.0000
taily,0.0000
tails,3.6800
taino,1.9500
tains,1.0100
taipo,0.0000
tairn,0.0000
taise,0.0000
taish,0.0000
tajes,0.0000
tajik,2.7400
taked,1.3700
taken,5.3300
taker,3.2300
takes,5.1800
takin,3.2100
takyr,0.0000
talck,0.0000
talcs,0.0000
taled,0.0000
taler,1.5100
tales,4.1000
talio,0.0000
talis,1.7800
talky,2.0500
talks,4.6100
talon,2.9700
taluk,2.2600
talus,2.3800
tambo,2.3900
tamed,3.0100
tamer,2.7400
tames,2.0700
tamil,3.7600
tamis,1.2100
tamps,1.3200
tamul,0.0000
tamus,0.0000
tandy,2.8600
tangi,1.8700
tangy,2.6400
tango,3.5800
tangs,1.9300
tanks,4.2700
tansy,2.1700
tanzy,0.0000
taped,3.5000
tapen,0.0000
taper,3.3000
tapes,3.8200
tapir,2.2900
tapis,1.6100
tapul,0.0000
tarde,2.2000
tardy,2.6900
tardo,1.0300
tared,0.0000
tareq,1.8700
tares,1.9000
targe,1.7800
tarie,0.0000
tarin,2.0900
tarmi,0.0000
tarns,1.6900
taroc,0.0000
tarok,1.2900
taros,1.0500
tarps,2.3600
tarse,0.0000
tarsi,1.8500
tarve,0.0000
tasco,1.3500
taube,1.7700
tauli,0.0000
taupe,2.5400
taupo,2.1500
tauri,2.2100
taver,0.0000
tavoy,1.3100
tawed,0.0000
tawer,0.0000
tawgi,0.0000
tawie,0.0000
tawny,2.7700
tawpi,0.0000
tawpy,0.0000
tawse,1.2900
taxed,3.5200
taxer,0.0000
taxes,4.6500
taxin,0.0000
taxir,0.0000
taxis,3.4400
taxon,2.5000
taxor,0.0000
taxus,1.7000
tcawi,0.0000
tchai,0.0000
tchwi,0.0000
teach,4.6700
teaks,0.0000
teals,1.6100
teams,4.9700
teary,2.8400
tears,4.4700
teasy,0.0000
techy,2.2000
tecla,1.4400
tecon,0.0000
tecum,1.6900
tegua,0.0000
teian,0.0000
teind,0.0000
tejon,1.7800
tekya,0.0000
telar,0.0000
telia,1.7100
telic,1.6100
telyn,0.0000
teloi,0.0000
telos,2.3200
teman,1.8100
tembu,0.0000
temin,1.5500
tempi,1.9100
tempo,3.7400
temps,3.3300
tenai,0.0000
tench,2.2300
tendo,1.9900
tends,4.1200
tengu,2.1900
tenia,1.4700
tenio,0.0000
tenla,0.0000
tenor,3.4000
tenso,1.4800
tepal,0.0000
tepas,0.0000
tepid,2.7100
tepor,0.0000
terai,2.0000
terap,0.0000
teras,1.5800
terga,1.0100
terma,1.4200
terms,5.1000
terna,1.2900
terns,2.5100
terzo,1.3600
tesla,3.7700
teuch,0.0000
teugh,0.0000
tewly,0.0000
texan,3.1800
texas,4.8900
thack,1.2800
thais,2.6800
thane,2.8800
thank,5.4800
tharf,0.0000
tharm,0.0000
thave,1.0900
thawy,0.0000
thawn,0.0000
thaws,2.1900
theca,1.4600
thegn,1.2100
theyd,2.2700
thein,2.3500
their,6.3300
thema,2.0200
thens,1.2200
theol,1.5000
theor,1.7200
theos,1.9800
theow,0.0000
therm,2.0000
thewy,0.0000
thews,0.0000
thick,4.4600
thief,3.8800
thilk,0.0000
thyme,3.0700
thymi,0.0000
thyms,0.0000
thine,3.3100
thing,5.7200
think,6.0800
thins,2.5700
thiol,2.1000
third,5.3200
thirl,0.0000
thisn,0.0000
thoke,0.0000
thole,1.9600
tholi,0.0000
thone,1.2500
thong,3.1600
thore,1.7800
thorn,3.4800
thorp,2.5300
those,5.9000
thous,1.8400
thram,0.0000
thrap,0.0000
thraw,0.0000
thrax,1.6500
threw,4.4600
thrip,1.0300
throb,2.6800
throe,1.2400
throu,2.0400
throw,4.8300
thrum,1.9700
thruv,0.0000
thuan,1.7400
thuds,1.9900
thugs,3.5600
thuya,0.0000
thuja,1.7400
thule,2.6000
thulr,0.0000
thumb,4.0100
thump,2.9700
thund,0.0000
thung,1.5000
thuoc,0.0000
thurl,1.4700
thurm,1.1400
tiang,1.1900
tibey,0.0000
tiber,2.6000
tical,1.4400
ticer,0.0000
tyche,1.5400
ticky,2.0800
ticks,3.3800
ticul,0.0000
tidal,3.7000
tides,3.4700
tydie,0.0000
tiens,1.6500
tiers,3.2500
tiger,4.3000
tigon,0.0000
tigre,2.4400
tigua,0.0000
tyigh,0.0000
tying,3.6800
tyken,0.0000
tikes,1.8100
tykes,2.0100
tikor,0.0000
tikur,0.0000
tilak,2.3300
tilda,2.6600
tilde,2.1900
tiled,3.0000
tiler,1.9100
tyler,4.1700
tiles,3.7100
tylus,0.0000
timar,1.3600
timbe,0.0000
timbo,1.9400
timed,3.6200
timer,3.6800
times,5.5600
timne,0.0000
timon,2.6800
timor,3.2700
tinea,2.2000
tined,1.1800
tyned,0.0000
tines,2.3300
tynes,1.8000
tinge,2.8300
tings,2.2800
tinsy,0.0000
typal,0.0000
typed,3.5200
typer,1.7000
types,4.8500
typha,1.6200
typic,1.4600
tiple,1.3000
typos,3.0100
tipsy,2.8700
tiraz,0.0000
tired,4.7100
tyred,1.6200
tires,4.0300
tyres,3.5200
tirls,0.0000
tirma,0.0000
tiros,1.6900
tyros,1.5900
tirve,0.0000
tisar,0.0000
tiver,0.0000
tiwaz,0.0000
tlaco,0.0000
toady,2.1400
toads,2.9000
today,5.5500
todea,0.0000
todus,0.0000
tofus,0.0000
togae,0.0000
togas,1.8400
toged,0.0000
togue,0.0000
toher,1.2300
toyed,2.6800
toyer,0.0000
toile,1.8600
toils,2.1600
toise,0.0000
tokay,1.8900
toked,1.2000
token,3.8200
tokes,1.7500
tolan,1.8000
tolas,1.0700
toled,0.0000
toles,1.7600
tolus,0.0000
toman,1.8600
tomas,3.3800
tombe,1.6500
tombs,3.3400
tomes,2.6100
tomia,0.0000
tomin,1.4100
tonal,3.0900
tondi,0.0000
toned,3.4800
toner,3.0700
tones,3.7600
tonga,3.1000
tongs,2.8000
tonic,3.3900
tonka,2.3500
tonus,1.5200
topas,1.2900
topau,0.0000
topaz,2.8700
toped,0.0000
toper,1.1400
topes,1.5500
tophe,0.0000
tophi,1.1200
tophs,0.0000
topia,1.4700
topic,4.4900
topis,0.0000
topsy,2.8500
topsl,0.0000
toque,2.1300
torah,3.4100
toral,1.8100
toran,1.6500
toras,1.0900
torch,3.7400
torcs,0.0000
tored,0.0000
tores,1.0600
toric,1.9400
torma,1.2200
torse,1.0700
torsi,0.0000
torsk,0.0000
torus,2.5700
torve,0.0000
tosca,2.4700
toshy,0.0000
touch,4.9100
tough,4.7700
tould,0.0000
tourn,1.5200
tours,4.1400
touse,1.2300
tousy,0.0000
tovah,1.5500
tovar,2.1600
towai,0.0000
towan,1.2100
towed,3.3800
towel,3.9400
tower,4.5000
towie,2.2100
towny,1.3700
towns,4.3900
towsy,0.0000
toxic,4.2400
toxin,3.3000
tozer,2.3400
trabu,0.0000
trace,4.1900
tracy,3.8200
track,5.0200
trade,5.1200
trady,0.0000
tragi,1.7300
traik,0.0000
trail,4.4500
train,4.9600
trays,3.2400
trame,0.0000
tramp,3.2100
trams,3.0500
trank,1.7700
trans,4.4100
traps,3.7600
trash,4.4200
trasy,0.0000
trave,1.8000
trawl,2.6500
tread,3.5200
treas,1.7500
trefa,0.0000
treys,1.7200
treks,2.5300
trema,1.1700
trend,4.5100
trews,1.8200
triac,1.4800
triad,3.2300
trial,4.8700
trias,1.9800
tribe,4.1200
trica,0.0000
trice,2.4000
trick,4.4800
tried,5.1600
tries,4.5300
trifa,0.0000
triga,1.4500
trigo,1.7200
trigs,1.0400
trike,2.4200
tryma,0.0000
trims,2.7700
tryms,0.0000
trina,2.8800
trine,2.4600
trink,1.1700
triol,1.1300
trios,2.5400
trypa,0.0000
tripe,2.7100
tripy,0.0000
tripl,0.0000
trips,4.2300
trixy,1.2300
troad,1.3400
troak,0.0000
troca,1.0100
troch,0.0000
trock,0.0000
trode,0.0000
trogs,1.2200
troic,0.0000
trois,2.8100
troys,1.2400
troke,0.0000
tromp,2.0600
trona,1.7700
tronc,1.5200
trone,1.4500
tronk,0.0000
trope,3.1000
troue,0.0000
trouv,0.0000
trove,3.0400
trows,1.2700
truce,3.5200
truck,4.6400
trudy,2.7800
trued,1.5500
trues,1.4300
truly,4.8700
trump,4.9300
trunk,4.0300
trush,1.1200
tsade,0.0000
tsadi,0.0000
tsine,0.0000
tsked,0.0000
tsuba,1.5100
tsubo,1.2400
tsuga,1.7600
tsuma,0.0000
tuarn,0.0000
tubae,0.0000
tubal,2.5600
tubar,0.0000
tubas,1.8400
tubed,2.0100
tuber,2.6400
tubes,3.9400
tubig,1.3700
tubik,0.0000
tucky,1.7100
tucks,2.6300
tudel,0.0000
tudor,3.3000
tufan,1.3300
tufas,0.0000
tuyer,0.0000
tuism,0.0000
tukra,0.0000
tules,1.1100
tulip,3.1800
tulsa,3.4800
tulsi,2.6500
tumid,1.3000
tumli,0.0000
tumor,3.9700
tumps,0.0000
tunal,0.0000
tunas,2.0600
tunca,0.0000
tuned,3.8700
tuner,2.9100
tunes,3.8200
tunga,1.3700
tungo,0.0000
tungs,0.0000
tunic,3.0800
tunis,3.0000
tunka,0.0000
tupek,0.0000
tupik,0.0000
tuple,2.4400
turbo,3.7400
turco,2.1000
turds,2.5500
turfy,0.0000
turfs,1.7000
turgy,0.0000
turio,0.0000
turki,2.2500
turks,3.6600
turma,1.1700
turns,4.7600
turps,1.6700
turse,1.0900
turvy,2.4900
tushy,1.7800
tusky,1.0600
tuxes,1.8800
tuzla,2.0800
twaes,0.0000
twain,3.3900
twale,0.0000
twang,2.5600
twank,0.0000
tweag,0.0000
tweak,3.2700
tweil,0.0000
twerp,2.1100
twice,4.8400
twick,0.0000
twier,0.0000
twyer,0.0000
twigs,3.1200
twine,2.9300
twiny,0.0000
twink,2.9300
twins,4.1500
twire,0.0000
twirk,0.0000
twirl,2.6900
twirp,1.1400
twoes,0.0000
tzars,0.0000
uayeb,0.0000
ualis,0.0000
uckia,0.0000
udasi,0.0000
udish,0.0000
ugali,1.4300
uglis,0.0000
ugric,1.7700
uhlan,1.2900
uinal,0.0000
uinta,2.0400
ukase,1.4000
ulans,0.0000
ulcer,3.0300
ulema,2.1500
ulmic,0.0000
ulmin,0.0000
ulnad,0.0000
ulnae,0.0000
ulnar,2.3900
ulnas,0.0000
uloid,0.0000
ulpan,1.1000
ultra,4.2300
ulvan,0.0000
ulvas,0.0000
umbel,1.7200
umber,2.3900
umble,1.2500
umbos,0.0000
umbra,2.3900
umbre,0.0000
umest,0.0000
umiac,0.0000
umiak,1.2500
umiaq,0.0000
umist,1.3700
umped,0.0000
umpty,0.0000
umset,0.0000
unact,0.0000
unais,0.0000
unami,1.9100
unamo,0.0000
unapt,0.0000
unary,1.9300
unark,0.0000
unarm,0.0000
unbag,0.0000
unbay,0.0000
unbar,1.0600
unbed,0.0000
unbet,0.0000
unbid,0.0000
unbit,0.0000
unbog,0.0000
unboy,0.0000
unbow,0.0000
unbox,2.0100
uncap,1.3700
uncia,1.1300
uncle,4.4500
uncoy,0.0000
uncos,0.0000
uncow,0.0000
undam,0.0000
under,5.7300
undye,0.0000
undig,0.0000
undim,0.0000
undog,0.0000
undry,0.0000
unfar,0.0000
unfed,1.6300
unfew,0.0000
unfit,3.5200
unfix,1.1200
unget,0.0000
ungka,0.0000
ungod,0.0000
ungot,0.0000
unhad,0.0000
unhap,0.0000
unhat,0.0000
unhex,0.0000
unhid,0.0000
unhip,1.3200
unhit,0.0000
unhot,0.0000
uniat,0.0000
unice,1.1200
unify,3.0700
unism,0.0000
unist,1.1400
unite,3.9000
unity,4.2200
units,4.7700
unjam,1.1100
unked,0.0000
unkey,0.0000
unket,0.0000
unkid,0.0000
unlay,0.0000
unlap,0.0000
unlaw,0.0000
unlax,0.0000
unled,0.0000
unlet,0.0000
unlid,0.0000
unlie,0.0000
unlit,2.4400
unmad,0.0000
unmet,2.7300
unmew,0.0000
unmix,0.0000
unode,0.0000
unoil,0.0000
unold,0.0000
unpay,0.0000
unpeg,0.0000
unpot,0.0000
unray,0.0000
unram,0.0000
unred,0.0000
unrid,0.0000
unrig,0.0000
unrip,0.0000
unrow,0.0000
unsad,0.0000
unsay,1.5100
unset,1.8200
unsew,0.0000
unsex,1.2300
unshy,0.0000
unsly,0.0000
unsty,0.0000
untap,1.1700
untar,0.0000
untax,0.0000
untie,2.5100
until,5.6100
untop,0.0000
unwax,0.0000
unweb,0.0000
unwed,2.5200
unwet,0.0000
unwig,0.0000
unwit,0.0000
unwry,0.0000
unzip,2.5500
uparm,0.0000
upbay,0.0000
upbar,0.0000
upbid,0.0000
upbye,0.0000
upcry,0.0000
updos,1.3200
updry,0.0000
upeat,0.0000
upend,2.2600
upfly,0.0000
upget,0.0000
upher,0.0000
upjet,0.0000
uplay,1.9100
upleg,0.0000
uplit,0.0000
upmix,0.0000
uprid,0.0000
upsey,0.0000
upset,4.6100
upsit,0.0000
uptie,0.0000
upway,0.0000
upwax,0.0000
uraei,0.0000
urali,0.0000
urase,0.0000
urate,1.8000
urban,4.6500
urbic,0.0000
ureal,0.0000
ureas,1.3400
uredo,0.0000
ureic,0.0000
ureid,0.0000
urena,1.7500
urent,0.0000
urged,4.0100
urges,3.6900
uriah,2.5700
urial,0.0000
urian,1.3300
uriel,2.5900
urine,3.8400
urite,0.0000
urled,0.0000
urman,1.1500
urnae,0.0000
urnal,0.0000
ursae,1.2200
ursal,0.0000
ursid,0.0000
urson,0.0000
usage,4.2300
usant,0.0000
usent,0.0000
ushak,0.0000
usher,3.5100
usine,1.4200
using,5.4700
usnea,1.2400
usnic,1.1200
uster,1.2600
utchy,0.0000
utend,0.0000
uteri,1.7300
utero,2.7000
uther,2.4600
utick,0.0000
utile,1.6600
uvate,0.0000
uveal,1.6800
uveas,0.0000
uviol,0.0000
uvito,0.0000
uvres,0.0000
uzbak,0.0000
uzbeg,0.0000
uzbek,2.8500
vache,1.6800
vacuo,1.5700
vadim,2.7100
vadis,1.9700
vague,3.8700
vagus,2.3900
vails,1.2300
vaire,0.0000
vairy,0.0000
vairs,0.0000
vakil,1.8500
vales,2.0600
valet,3.1700
valew,0.0000
valid,4.3800
valmy,1.4800
valor,3.2300
valse,1.8700
value,5.1500
vamos,2.7800
vamps,2.5900
vance,3.4400
vaned,0.0000
vanes,2.3000
vangs,0.0000
vanir,1.5900
vapid,2.5000
vapor,3.5600
vardy,2.6900
varec,0.0000
vario,2.0200
varix,1.5000
varus,2.4100
vasty,1.2300
vates,1.1600
vatic,1.1800
vaudy,0.0000
vault,3.9000
vaunt,1.3900
vealy,0.0000
veals,0.0000
vedic,3.0600
vedro,0.0000
vefry,0.0000
vegan,3.9500
vegas,4.4200
veily,0.0000
veils,2.8500
veiny,2.0800
veins,3.7600
vejoz,0.0000
velar,2.3000
velds,0.0000
veldt,1.9100
velic,0.0000
velum,1.6600
venal,2.3400
vends,1.2900
venom,3.5700
venta,2.1400
vents,3.3200
venus,3.8100
veray,0.0000
verby,0.0000
verbs,3.4400
verdi,2.8200
vergi,0.0000
verpa,0.0000
versa,3.7200
verso,2.7200
verst,1.3100
verty,0.0000
verts,1.9600
vertu,2.0200
verus,1.8800
vespa,2.5900
vesta,2.5900
vetch,2.1800
vetus,1.7400
vexil,0.0000
viage,1.0300
vials,3.0000
viand,0.0000
vyase,0.0000
vibes,3.5500
vibex,0.0000
vicar,3.3700
viced,0.0000
vices,3.0100
vichy,2.7400
vicky,3.3500
vicua,0.0000
vicus,1.3600
video,5.4300
vidya,2.7600
vidry,0.0000
vidua,1.1000
viers,1.0400
viewy,0.0000
views,4.8300
vifda,0.0000
vigas,0.0000
vigor,3.0300
vying,2.9200
vijay,3.3500
vijao,0.0000
viler,1.2800
vimen,0.0000
vimpa,0.0000
vinal,1.3000
vinas,1.1900
vinca,1.9200
vince,3.9000
vinea,0.0000
vined,0.0000
viner,2.2600
vines,3.5700
vinet,1.3200
vinew,0.0000
vingt,1.9600
vinyl,4.0000
vinod,2.5700
vinos,1.3800
vinta,1.4100
vinum,1.2700
viola,3.5400
viols,1.6600
viper,3.3100
viral,4.0800
vireo,1.9900
vires,2.0200
virga,1.5400
virge,1.6300
virgo,3.0700
virls,0.0000
viron,0.0000
virtu,1.9300
virus,4.4200
vised,0.0000
visne,0.0000
vison,1.7200
visor,2.9800
vista,3.7100
visto,1.9500
vitae,2.8000
vital,4.3800
vitra,1.8700
vitry,1.7300
vitro,3.4200
vixen,2.9400
vizor,1.1600
vlach,1.4200
vobis,1.5300
vocab,2.5800
vocal,4.1600
vocat,0.0000
voces,1.9600
voder,0.0000
vodka,3.8300
vodum,0.0000
vodun,1.3600
vogie,0.0000
vogue,3.7100
vogul,0.0000
voice,5.0700
voids,2.8100
voila,2.9300
voile,2.0000
volar,1.7800
voled,0.0000
voles,2.4500
volet,0.0000
volga,2.7600
volta,2.9800
volte,2.4600
volti,1.0100
volts,3.2000
vomer,1.4500
vomit,3.5300
voraz,0.0000
votal,0.0000
voted,4.6200
voter,4.1100
votes,4.6400
vouch,3.1300
vouge,0.0000
vouli,0.0000
voust,0.0000
vowed,3.3900
vowel,3.3300
vower,0.0000
vraic,0.0000
vrouw,1.4000
vrows,0.0000
vucom,0.0000
vughs,0.0000
vulgo,1.1900
wacke,0.0000
wacky,3.2900
wacks,1.3900
wader,1.8200
wades,2.1900
wadge,1.0500
wadis,1.6200
waefu,0.0000
wafer,3.1300
wafty,0.0000
wafts,2.0700
waged,3.2000
wager,3.4300
wages,4.2500
waget,0.0000
wagon,3.9000
waifs,1.9700
waily,0.0000
wails,2.4500
wayne,4.3700
wains,1.3100
waird,0.0000
wairs,0.0000
waise,1.3400
waist,3.9600
waits,3.6800
waive,3.2400
waked,2.0900
waken,2.2900
waker,2.2000
wakes,3.6800
wakhi,0.0000
wakif,0.0000
wakon,0.0000
waled,0.0000
waler,1.1300
wales,4.6000
walks,4.3200
walsh,3.8500
walth,0.0000
walty,0.0000
waltz,3.3800
wamel,0.0000
wames,0.0000
wamus,0.0000
wandy,1.5900
wands,2.7600
waned,2.8700
waney,0.0000
wanes,2.3400
wanky,1.7700
wanle,0.0000
wanly,1.4300
wanty,1.1800
wants,5.2400
wanze,0.0000
warch,0.0000
wards,3.6400
wared,0.0000
wares,3.1800
warks,1.4100
warly,0.0000
warms,3.1900
warns,3.7300
warnt,0.0000
warps,2.4400
warse,0.0000
warst,0.0000
warth,1.6700
warty,2.0800
warts,3.0100
warve,0.0000
wasco,1.9900
wasel,0.0000
washy,2.6100
washo,1.2600
wasir,0.0000
wasnt,3.6900
waspy,1.5700
waste,4.8100
wasty,0.0000
watch,5.3400
water,5.5200
wauch,0.0000
waugh,2.9400
wauks,0.0000
wauls,0.0000
wauns,0.0000
wauve,0.0000
waved,3.5400
wavey,1.8800
waver,2.7500
waves,4.3700
waxed,3.0800
waxen,1.6900
waxer,1.5100
waxes,2.6500
wazir,2.2800
weaky,0.0000
weald,2.3000
weals,0.0000
weans,1.7300
weary,3.6100
wears,4.0800
wecht,1.5300
wedgy,1.1500
wefty,0.0000
wefts,1.6000
weigh,3.9900
weird,4.8100
weirs,2.3200
weism,0.0000
wekas,0.0000
wekau,0.0000
welch,3.3700
welds,2.6400
welsh,4.1500
welts,2.2700
wench,2.6700
wendi,2.3000
wendy,3.8400
wends,1.8600
wersh,0.0000
westy,1.7600
wetly,1.4100
whack,3.4300
whale,3.9800
whaly,0.0000
whalm,0.0000
whalp,0.0000
whame,0.0000
whamp,0.0000
whams,0.0000
whand,0.0000
whang,1.8300
whank,0.0000
whaps,0.0000
whare,2.0200
wharf,3.4800
wharl,0.0000
wharp,0.0000
whart,0.0000
whase,0.0000
whatd,1.3500
whats,3.8800
whauk,0.0000
whaup,0.0000
whaur,0.0000
wheal,2.1200
wheam,0.0000
wheat,4.0100
wheft,0.0000
whein,0.0000
wheys,0.0000
wheki,0.0000
whelk,1.9000
whelm,1.3000
whelp,2.4900
whens,1.9300
whets,1.6900
whiba,0.0000
whick,1.1800
whids,0.0000
whift,0.0000
whigs,2.8000
while,5.8600
whilk,0.0000
whils,0.0000
whims,2.9400
whine,3.2800
whing,0.0000
whiny,2.8900
whins,1.1500
whips,3.1900
whipt,0.0000
whirl,2.9600
whirs,1.3700
whisk,3.1100
whisp,1.3400
whist,2.4000
white,5.5100
whity,1.2300
whits,1.1800
whole,5.4600
whomp,1.8700
whone,0.0000
whops,0.0000
whore,3.8600
whory,0.0000
whorl,2.5600
whort,0.0000
whose,5.0700
whsle,0.0000
whulk,0.0000
whump,1.3500
whute,0.0000
wicht,0.0000
wicky,1.5600
wicks,2.8200
widen,3.2500
wider,4.2400
wides,1.9800
width,4.0200
wield,3.2100
wierd,2.6100
wifed,1.2200
wifes,2.5100
wigan,3.4200
wight,3.2300
wiyat,0.0000
wiyot,0.0000
wilco,2.5200
wilds,2.9000
wiled,0.0000
wyled,0.0000
wiles,2.7100
wyles,1.5100
wilga,1.0100
wilts,2.3500
wince,2.6100
winch,3.0400
windy,3.5700
winds,4.2200
wynds,0.0000
windz,0.0000
wined,2.0500
winey,1.4700
winer,2.1300
wines,3.8000
wingy,1.3600
wings,4.4400
winks,2.8000
winly,0.0000
winos,1.5700
winze,0.0000
wiped,3.8600
wiper,2.8100
wipes,3.4000
wired,3.8000
wires,3.8500
wiros,0.0000
wised,2.0100
wisen,1.2600
wiser,3.4800
wisha,0.0000
wishy,2.5900
wisht,0.0000
wyson,0.0000
wispy,2.4200
wiste,0.0000
witan,1.6600
witch,4.1100
wited,0.0000
wyted,0.0000
witen,0.0000
wites,0.0000
wytes,0.0000
withe,2.1100
withy,1.8100
wived,0.0000
wiver,0.0000
wyver,0.0000
wives,4.0800
wizen,0.0000
wizes,0.0000
wlity,0.0000
wloka,0.0000
woady,0.0000
woads,0.0000
woald,0.0000
wocas,0.0000
woden,2.1400
wodge,1.2400
wodgy,0.0000
woful,0.0000
wogul,0.0000
woibe,0.0000
wokas,0.0000
woken,3.3700
woldy,0.0000
wolds,1.9400
wolfs,2.1400
wolve,1.0600
woman,5.3500
womby,0.0000
wombs,2.2700
women,5.5700
wonga,2.0900
wonky,2.8400
wonts,0.0000
wopsy,0.0000
wordy,2.5600
words,5.2500
worky,1.2700
works,5.2900
world,5.8900
wormy,2.0300
worms,3.7800
worse,4.8900
worst,4.9300
worth,5.1600
worts,1.5800
wouch,0.0000
wough,0.0000
would,6.2700
wound,4.2400
woven,3.5600
wrack,2.2100
wramp,0.0000
wrang,1.1700
wraps,3.5700
wrapt,1.1500
wrast,0.0000
wrath,3.7000
wreak,2.9400
wreat,0.0000
wreck,3.9600
wrens,2.2200
wrest,2.6300
wrick,0.0000
wride,0.0000
wried,0.0000
wries,0.0000
wring,2.7500
wrist,4.0100
write,5.0300
writh,0.0000
writs,2.5500
wrive,0.0000
wroke,0.0000
wrong,5.3900
wrote,5.0400
wroth,2.1000
wrung,2.3600
wudge,0.0000
wurly,1.2500
wurst,2.2100
xenia,2.4700
xenic,0.0000
xenyl,0.0000
xenos,2.0400
xeric,1.6500
xerus,0.0000
xicak,0.0000
xylan,1.4500
xylem,2.2100
xylia,0.0000
xylic,0.0000
xylon,0.0000
xinca,0.0000
xyrid,0.0000
xyris,0.0000
xysti,0.0000
xurel,0.0000
zabti,0.0000
zayin,0.0000
zaire,2.8900
zambo,1.4900
zande,1.4000
zante,1.9800
zapus,0.0000
zaque,0.0000
zarfs,0.0000
zaxes,0.0000
zeals,0.0000
zebra,3.4000
zebus,0.0000
zeins,0.0000
zeism,0.0000
zeist,1.5900
zemni,0.0000
zendo,1.3600
zerda,0.0000
zerma,0.0000
zeros,3.0600
zesty,2.4100
zetas,2.4600
zhmud,0.0000
zibet,0.0000
ziega,0.0000
zygal,0.0000
zigan,0.0000
zygon,1.7200
zihar,0.0000
zilch,2.4700
zymes,0.0000
zymic,0.0000
zymin,0.0000
zincy,0.0000
zinco,0.0000
zincs,0.0000
zineb,1.3400
zingy,1.8400
zings,1.7100
zinke,2.1500
zinky,0.0000
zirak,0.0000
ziram,0.0000
zlote,0.0000
zloty,2.0500
zoeal,0.0000
zoeas,0.0000
zogan,0.0000
zohak,0.0000
zoism,0.0000
zoist,0.0000
zombi,1.7200
zonal,2.7400
zonar,0.0000
zonda,1.9300
zoned,3.1600
zoner,1.3800
zones,4.1200
zonic,0.0000
zonta,1.4700
zoque,0.0000
zoril,0.0000
zoris,0.0000
zosma,0.0000
zowie,1.9700
zunis,1.0800
